post_id	preds
1	['x4zuv4jo', 'j0bu0upi', 'tpic8ddl', 'qgwu9fsk', '1qvkl05s']
2	['evf9nz05', '7keaoi4d', 'vtagfrds', 'ot1uz6vc', 'mnsm39a8']
3	['2kd89h12', 'm3m2n3fw', '00ugdhvf', 'ky5env7t', '82y56t7d']
4	['ru2ty1y9', 'wabd3b9z', 'ir874dkj', 'mim419b8', 'oqd5ozun']
5	['f5p37j7g', 'nzat41wu', '9mact9br', 'l70ghm8g', 'zsra2yz3']
6	['vdd8uuv8', 'on53pegz', 'hhy9g1yf', 'rytalfyx', '1oatq6x0']
7	['rk9hsw2b', '2a12nsnl', 'f8yphpxl', 'kr4sr1ae', 'nc0fbytt']
8	['r5v2gi3v', 'ylqpkosd', 'y6zisciu', '5nyc1cn5', '5tdmh0ac']
9	['atnxkvy6', 'npe81wc8', '3ybiysp4', 'kq0cu73r', '611ih9pl']
10	['g17lp8ch', 'ef3warsh', 'h98tts7e', 'w7wdq05u', '0vlh67jw']
11	['jp80u828', '4oxbczqe', '811lov8f', '1aruw47h', 'l4u01fzk']
12	['yzn6jibu', '4unn3fmu', 'yztfkwkc', '4gj9d181', 'iu6epm2i']
13	['6gqxf34l', 'idhbd102', 'grccu4kh', 'd6wkv2rc', '6wsa54w2']
14	['9a27s0zn', 'geo7ac5i', '89ic6lmt', 'e7gq365q', '25aj8rj5']
15	['nbdk83ok', 'a7420by2', 'dpyz8uh4', 'ppuki7qn', '8jbisapd']
16	['v9366atg', 'm2nupp4k', 'u4ntxo0y', '2u44c7oi', 'wt6azxc1']
17	['ccxnsmia', 'h2uc7ria', 'uzc6r1jr', 'vjwu0fvp', 'jo0m0w68']
18	['1s8jzzwg', 'h7ftu3ax', 'w1bx4a7v', 'z86g8dzs', 'qi1henyy']
19	['fff0swre', 'rowmrr84', 'ipsjsf0y', '4742ozfb', 'lsfnkpcb']
20	['cnmawglq', '1aqf98e0', 'xpwv8xlv', '7zngkwoh', 'gh9sy7sl']
21	['0rrhiw9m', 'jgq968f6', '4p6fcy8f', '5yscqct1', 'dgng39yd']
22	['qexarxjl', '00ugdhvf', 'lj74054o', 'bshcsfxr', 'xj1nw76b']
23	['8f83k2ce', 'z22g03v4', 'jisznsr3', 'hqkrer9m', 'c5fn8t7f']
24	['lrgmyfjs', 'flqdf8vd', 'raw2mt47', 'wk61uyrt', 'dt7hip0z']
25	['uzry86hi', 'n9nu5n44', 'dvwkh1d3', '3kk1l0ag', '7e0x1525']
26	['i0bc6k81', '7fyhx6c2', 't46giw1h', '7yldl4ld', '8393t8xl']
27	['q3h8afld', '32ua8wb6', 'ud09l0la', 'y0u00y67', 'kbpjm0pb']
28	['a0q61mpi', 'ordof7g5', 'ohkki0ke', '0retx7ty', 'usyduiti']
29	['r5iu5nr1', 'ex6ktyl6', 'whinvawl', 'ow39tpxn', 'wwt7mn55']
30	['vw8a1994', 'ty2hsl6r', 'glyoiu93', 'yc7cvbii', 'tx2krngu']
31	['ob10sxfv', '59up4v56', 'ix0xi5jb', 'eyhgtpe0', 'o6zww1rr']
32	['mt0c57cp', 'u8mu4yga', 'h7ftu3ax', 'gb1sk22m', '9hpkmjvu']
33	['7zngkwoh', 'iylmvmv3', 'upiu3e2d', 'fj6l76hq', 'cnmawglq']
34	['psaq958v', '9h4zzo5q', 'bh8zshy9', 'os0sslxc', '7a7oi5dt']
35	['7tp8z7n8', '5d7erbr4', 's2e56ety', 'r5v2gi3v', 'rlr17nah']
36	['2qwk2z22', 'iuziorsk', 'a5av0dq8', 'u31ixcwa', '16ff3c7m']
37	['8l1vfsbc', 'mg8uyeuh', '08p8ns2d', '6g4oclln', 'aqke0012']
38	['wbix36hf', '4vvuye8u', 'ldmjcf2n', 'jurqttdg', 'eflyypev']
39	['cymppa7g', 'po32j519', 'gi3vfi68', 'lvvw1npq', '0cazn46i']
40	['ep6uuulm', 'ozbmgd70', 'xee6npr3', 'mo7oq5t8', 'h8c8lc0a']
41	['y0u00y67', '08z6z7d5', '1blzi9r3', 'lmzkseiz', 'y2bsx8p2']
42	['ike8mgh6', 'l4y7v729', 'ijoyk390', '7dyhyruo', 'qi1henyy']
43	['52lf5gzr', '6rpm4phy', 'g8tckoxj', 'tloczjn5', '606oxq14']
44	['r76tqrwz', '1l4o9pko', 'o1xkgkn1', 'nz976qc6', '3m9yonqe']
45	['s2vckt2w', 'l2i3aa3k', '726t123x', '3fiqpart', 'vc6j8ao2']
46	['xegy9krj', 'urv9o2f1', 'y1nrc138', 'wehqqbjx', 'la2wvnb0']
47	['0extp6r3', '1omv4r30', 'jdo7afuh', 'hpr8rt9n', 'mut94ov1']
48	['fe456in0', '6vqf2n5j', 'xtnyad3j', 'm6eotnko', 'xnrp2tpd']
49	['bqy5eo3p', '2pufns7d', 'il4wa97x', 'zb7ge4b8', 'bshcsfxr']
50	['4hmecfi0', 'rfbihylo', 'cbhlzemx', '1mx3jrup', 'mom4y7cl']
51	['uj5deryi', 'hmkqnply', '0pptqw7o', 'o9me37ri', 'y40s45iv']
52	['tuqmar6w', 'g5h4tazp', 'whj9jwwf', 'i0wbfhu0', 'kmkeetl3']
53	['4vkkaqhz', '5iudn4kq', '5nr3j1ew', '6crputzl', '29tcwijl']
54	['4ehxnzc7', 'cpqeo65g', 'xthxesgk', '1lz5xobh', 'ywi0a8s1']
55	['vvmb92wo', '1aqf98e0', 'g17lp8ch', '2bupc5jh', 'wn98fql3']
56	['vc6j8ao2', 'ex3s7ytv', 'w3d33mq0', '6vqf2n5j', 'gtol0evh']
57	['582ts5mf', 'v47publm', 'pb25lrnw', 'nuu9l5kx', '1k0qpuys']
58	['msg9j0lb', 'm7q1roay', 't5iz3vdz', 'z0ni4cyl', '4i19gysg']
59	['ezrmuw48', '24u6q3ae', 'e9vvjv8w', '0999t5x0', '9oui0l6v']
60	['3mfwweyr', 'uto9q6s2', 'qlwergum', '94w1sbsb', 'vwrhypnl']
61	['dqhdws5k', 'sygm6irl', '2l883zhe', 'x4mgnhbg', 'trmwm9qq']
62	['25aj8rj5', '8rvhqd9b', 'jzosdlu7', '9qbq7hwy', 'f0wpsaip']
63	['5o9bbspc', 'tdlcb9bf', '2igc5wzx', '195h4ofw', 'ktwazcrd']
64	['7a7oi5dt', '09jbs6mx', 'o3cr0xvm', '1992wisb', 'yaedocvp']
65	['xmd8fh95', '3u3i5myh', 'v4pkwd44', 'ijzoa0yn', '70s04wty']
66	['uejtwgar', 'v13kzr5y', 'vnnnevrl', 'kwqdyhn6', '71x3b75z']
67	['faxm9rhz', '06yuz5pn', 'h2u5w4a8', 'nyvluckw', 'bgr4h7kn']
68	['txnegebz', 'eflwztji', 'zv8xt1dd', '5upb25gt', '65efipbi']
69	['kayh0v56', 'z2z0hu49', '3jn7tdaj', 'xwu1gdak', 'w7wdq05u']
70	['7f33cu6l', '4gxff3rd', 'hay91kuq', 'fq1am5na', 'cabmmgg6']
71	['6c47sm6i', '9k4pwc2h', 'shfkl0bs', 'vblfew3o', 'nvphu1fm']
72	['1itor6ic', '3rxsplrl', 'vpqwkmlv', 'gg5c8v7d', 'az7f7zgr']
73	['qdmkx03t', '3tfof5nd', 'v4pkwd44', 'v8ujnrbi', '3lfmmfp2']
74	['w3ls1d7w', 'dhd9e9bn', '1vcc1khg', '7zngkwoh', 'x9sfgtim']
75	['0bh8i14e', '5lzixulv', 's4xintwp', 'o476dtgd', 'uohbxoeb']
76	['isivkz8b', 'cgc0v1dg', 'rkgrsiqf', '095g2l66', '164yx77a']
77	['pbb9nrba', 'pj7no3fe', 'dyxyab5g', 'rv26qfmf', 'xrgb9pve']
78	['5q8k71et', 'mjm2kap6', 'h61b3bsm', 'fcb8egak', 'mkl96ybg']
79	['2rx84imv', '2f7wqamp', '9pb2eqoa', '8je46886', 'w0ebmg16']
80	['7qxs79qy', '033phqmd', '5hpbjkft', 'edx9z9oi', 'dfyshke7']
81	['7yocj24n', 'fnguelau', 'h8ykn6ut', 'kgmugkmw', 'g2wpw330']
82	['d0cd89hs', 'i3iy8ax9', 'pjllicm7', 'w04z2f0q', '33cmymur']
83	['faxm9rhz', 'bgr4h7kn', 'eoumpu50', 'qgzc1moh', '6gcahsgs']
84	['ca3h96bx', 'o8lasxcb', '9iomlhpv', 'kjl04qy5', 'e7uvbra5']
85	['hpbcwiwf', 'vw3cuiof', '5sx04n3x', '1tz7y2sh', '39u1luqn']
86	['wq92nfnd', 'opjfy3xr', 'f96qs295', 'g17lp8ch', '1s8jzzwg']
87	['hlulg3wf', '24ie3mhq', 'whinvawl', 'ha5voupo', 'jkm496ip']
88	['1ef8ac5c', 'wjktna81', '9kk8pevp', 'jveh2w09', 'vnb7g17n']
89	['otp1atui', 'wmpjfc02', 'a7eabvvo', '40dsvwyb', '8xrccucr']
90	['yx99yfdw', 'yw5lzibk', '33wqmdnk', 'zcmaqar2', 'htlvpvz5']
91	['2zbm4iwn', '60sbhzfs', 'ubhv7my6', '8vnsrvws', '5azti19e']
92	['vg96f35h', 'kjd2t69f', 'lvvw1npq', 't22hwoeb', '34j9n40u']
93	['xpwv8xlv', '7hporv6w', 'w0ebmg16', 'eay6qfhz', '0vlh67jw']
94	['8gl323hs', 'hfk8nikl', 'dcli6uaq', '0oq0xmzr', 'hnj1jqr1']
95	['aakzdkcj', '1l4o9pko', 'nz976qc6', 'qeqd4soe', 'ax3e82js']
96	['ukdylwb7', 'so9uy899', '0oq0xmzr', 'uifnjio5', 'ozt85cz2']
97	['8bihly91', 'b1w9ns78', '4vq9ljlg', 'jmdrupds', 'bzn7wd36']
98	['dbxufi3m', 'm79zl7ka', '518rjfnc', 'jblmnx8j', 'pmd1n2l1']
99	['atloc9th', 'jgq968f6', 'wuazkwsi', 'olhgu24h', '7y6ok9a2']
100	['mmr04tsm', 'g4hlvnmq', 'pq571myy', 'vmizkujc', '3ncm8iwb']
101	['u95kg3m0', 'nles7ymd', '4img2we6', 'c8od88jh', '2wco7m0c']
102	['aj885nl0', '8flh54lv', '2w6p6jji', 'dsz66r4u', 'z92xqedn']
103	['6y6e5qgj', 'a3i3t6od', 'uexahhdr', 'awfgfmx1', '11xjl53c']
104	['0hbyplqq', 'ike8mgh6', 'l4y7v729', '0r0zdpds', 'atwx0a2s']
105	['7qpwux9w', 'xnrp2tpd', '3ttyxjgi', 'mkl7rvr6', 'k8wb51i7']
106	['6hkqe14l', 'tmnfcs7r', '30r8zd0l', 'jkm496ip', 'f9vxfk68']
107	['suw0h7s3', 'hsm75cww', 'xsk68m5f', '5xk20hs5', '7tp8z7n8']
108	['0vlh67jw', 'rhbqgjnm', 'mnjy6bq2', 'knbngla3', 'eay6qfhz']
109	['hgqohdct', '296ilxyg', 'zaibt2fq', 'khji80nm', 'iwc72ymq']
110	['0retx7ty', 'h2vct9h5', 'tl16qf33', 'zjnry1ny', 'x1uc10m5']
111	['k2qertx2', 'f95ext4b', 'o86wki37', 'urv9o2f1', 'l3cisx2n']
112	['7fua7kgs', '9bhi3rqu', 'j1kzjre0', 'yrhb6ktc', 'eo89w6qp']
113	['72f64kpf', 'z5493bye', 'ylvgmdwh', '2erwhb66', 'vkxf3gha']
114	['eo8rbcy2', 'kfsuiz5t', '9mact9br', 'toj6eqs2', '4haf8aaw']
115	['tmonjdrp', 'qtzhfnr6', 'yn2aylru', '65ois1qn', 'h29zzmla']
116	['rc5d6wi3', 'o3cr0xvm', '1992wisb', 'k457kqlo', 'awh8y9j8']
117	['btao9cun', 'wqicq5ry', 'urj0nssb', '4cqf9v2v', 'boew323c']
118	['opckeugf', 'lpoxaetv', 'pscw933i', 'sok0cyd3', 'jgs4jszx']
119	['iha9gjt4', 'ok9o9tta', 'tnwafdr0', 'z86g8dzs', 'q3mx0hf1']
120	['q17jutw0', 'tb538rkv', 'pc04eb8e', 'u5nxm9tu', '0o7rm667']
121	['k3mz6lf1', 'zbkx78mm', 'mf73oqp6', 'td3drkgw', 'hfk8nikl']
122	['913sln1q', 'tki4l0gb', 'gat4jwsu', 'lf9i6x2i', '4bw26042']
123	['8cvjsisw', 'dyxfsojh', 'f2zgrgva', 'ml27mexb', '9wnkmn27']
124	['4budtw8s', 's9b631ee', 'nnxlzxdt', '5q8k71et', '8ruux4sw']
125	['o8gdpf0i', 'k2f667sc', 'ktwazcrd', '4pcv1i3i', '5o9bbspc']
126	['gw6qnwe3', 'xyyhup28', 'ozt85cz2', 'ulmyc9su', 'lehzj4d8']
127	['k6cumncp', 'llo64qbp', 'dwgxrbag', 'iyi2fwhf', 'sgokzw5i']
128	['qj1v04cf', 'dbxufi3m', 'yqx0xqz9', 'y6zisciu', 'a0q61mpi']
129	['4ylmj9ub', 'j3avpu1y', 'vu8ao4pt', '0nhgxoim', 'q92unteg']
130	['aaznc5qi', 'p3cxk8gd', 'rdmmnnjd', 'zp3efdn7', 'tgqcnfa0']
131	['qv6oxjwd', 'fnojlsnj', '5txhcr7h', 'pl6dpxkz', 'f0m3wuyj']
132	['1otgdo19', 'koybwabx', '8psro2z0', '5gq0wqej', 'oo4zwcdb']
133	['93amoypt', '9im9gqw6', 'ntxufeg5', 'anu3pahh', '0pptqw7o']
134	['e7ud2rrq', 'terj0odi', 'hfaiddki', 'c7ci5w56', '929rrh59']
135	['gv7mej7b', 'zf8qg1q3', 'yjm6asp5', 'xi90m4jk', 'jvgq2p61']
136	['hfbi7sk5', '828s0mtz', 'zkb1zbvq', 'r440fw19', '42i1i6br']
137	['a40yhtqk', 'uohbxoeb', 'p6uliadr', 'hn6clwoj', 'bzeqs5oh']
138	['wk3fh9ke', 'iu6epm2i', '5azti19e', 'ex6ktyl6', 'nbqukjzv']
139	['7krl4xlg', 'w6xb8gp6', 'bsiwkixj', 'wpuf4ofo', 'acjs9bm9']
140	['kk47kxwf', 'ithv0k5k', 'fbcu88lv', 'hzn3qus3', 'yc7cvbii']
141	['7as9f1n6', 'gttuxtw6', 'r07mv2ka', 'xchvlphf', '8anqfkmo']
142	['rmyy6fni', 'atd6bg76', 'pmoqdo7i', '0dp28rsd', 'a4fj3c5e']
143	['spohl5ey', 'mqzus147', 'j4pgpxoe', 'pmd78j61', 'wa4gt5sy']
144	['tra5ewc5', 'nlnkgkjo', 'i1yf8fgk', 'rpwmcqbg', 'h8biqqdw']
145	['vu1f1hp6', 'krg8jvfz', 'b9vm3x3w', 'y77rbrnd', 'q58dzxwc']
146	['7hporv6w', '9wnkmn27', 'wubcq0xx', 'ivxvry3u', 'p5ceve0x']
147	['nz976qc6', '186wyg7t', '28lojtvu', 'dt8h6a0v', 'mo23hpe1']
148	['odlf9z1w', 'p42w7vjf', 'jqueo6zg', 'y6zisciu', '5t16srpn']
149	['jgq968f6', '9169o29b', 'psrsed4b', 'y7s6qt6j', '4jjhc5zo']
150	['q5f98qzk', 'f4hj35dr', '6a8j7hjt', 'pvsox183', 'r9udnmky']
151	['59u9ezr2', 'xchvlphf', 'ho5n7n90', 'isk5cu0k', '1zbsbcdd']
152	['5zt4qx4q', 's0374olh', 'fk62t9ym', 'bpv5wgm5', 'flxbomsx']
153	['9169o29b', 'jgq968f6', 'psrsed4b', 's2hp3sat', '4p6fcy8f']
154	['1w3x0g42', 'ip9geldg', '7z7zxcm2', 'vj2z52vg', 'osct0lj6']
155	['dcfqvp4p', 'n2kn7o67', 'wqicq5ry', 'jwei2g97', 'p8xpavbg']
156	['hfbi7sk5', '42i1i6br', '828s0mtz', 'r440fw19', '5sfojk7y']
157	['xnrb0byz', '8o2xddof', 'mo23hpe1', '186wyg7t', '2l883zhe']
158	['hqapg5ow', '7zdi0y2s', 'iylmvmv3', 'ximw03ej', 'bfcz49t9']
159	['zcnr1e2f', 'zcxxk9hd', 'nz42wegs', 'jveh2w09', 'tdxrx9se']
160	['jz6o9gnb', '1l4o9pko', 'lm73oj21', '9wnkmn27', 'onlly1ga']
161	['2q6qmex3', 'h4kc04w0', 'ezrarusj', '925f5ucu', 'n9nu5n44']
162	['cnmawglq', '9ds4ot1q', 'xpwv8xlv', '1aqf98e0', 'iylmvmv3']
163	['t6vojtu8', 'gi3vfi68', '6fpw6y8t', '92tvskxw', '6hkqe14l']
164	['ojr558x6', 'g4i4hkhz', '748c97u7', 'wl2iuup5', 'dksw5yzp']
165	['nxabdur3', '93amoypt', 'gg2swy7i', 'anu3pahh', 'eauby68p']
166	['ordof7g5', 'jveh2w09', 'gtp01rna', 'dx3ez40b', 'q1nye2ih']
167	['2bupc5jh', 'dxrltm25', 'gh9sy7sl', '8iqs6jko', '7zdi0y2s']
168	['wzz5ioek', 'qa2pgjvj', 'ithv0k5k', 'wi1slkpf', 'sz072p5o']
169	['uxz185vr', 'ny7wkswf', 'klh90lvp', 'jdob76wp', 'h65g7bf2']
170	['qexarxjl', '4img2we6', 's1ypdhzv', '7aaiyppx', 'mup5hr7e']
171	['io8mozoe', '0ojzssli', 'tdxrx9se', 'lj74054o', 'xi3d70kq']
172	['9pb2eqoa', 'mnjy6bq2', 'knbngla3', 'wn98fql3', 'ohkki0ke']
173	['ftxgcgkb', 'cnz7jlw4', 'x0cs571f', '0emibwp3', '59u9ezr2']
174	['lbrpbhpg', '6xxm7hcs', 'bfm45zas', '6fpw6y8t', 'ge8o93rh']
175	['gzk9xbzk', 'wr9ko6l5', 'aqutzlx4', '5hei9fac', '4j8b8z4t']
176	['edz3up3a', '5g8u35f8', 'vkxf3gha', '1hfvmyfs', 'cgc0v1dg']
177	['x1uc10m5', 'yhap30qx', 'xcsl2evz', 'lnnsxwk2', 'tl16qf33']
178	['n5ogyxz7', 'iz74o9de', 'pzqmg22v', 'fcdwitxy', 'yr27lnq8']
179	['v29jmh6s', 'h2sryzwn', '4hmecfi0', 'xxm6o1l1', '8dh4xvph']
180	['122yi9np', '6g4oclln', '20nozop1', '5tpkcd5z', '1peg3502']
181	['mzon01fd', 'y7lrp0gc', '1wui9gwa', 'e0pz0z4j', '8xrccucr']
182	['y0qrxya9', '033phqmd', 'k80bu4fs', 'uy1xibll', '1wui9gwa']
183	['di7hfghi', 'p40x3cxr', '8cd5z4di', 'ghi0ekm5', 'rytalfyx']
184	['kt6rs1zo', 'hakbt2zp', 'kutc6ts0', 'bvzi49hy', 'qh6fqna8']
185	['hert77y1', '2v6zigt8', 'ivy95jpw', 'nxu1xoax', 'roe6g61u']
186	['8t5r7ts4', '71c9w51t', 'kn4spasn', 'o4ruio2m', 'i0swl50w']
187	['7momt81r', 'z795y51f', 'ohfi48d6', 'y3fagw3t', 'pc04eb8e']
188	['ba9uog5m', '2ehuuvnx', 'soz9p0yd', 'pwb7rw89', 'erdcvj30']
189	['rpa2v44v', 'nz976qc6', 'belhjr5e', 'k5jkntul', 'mjb3ip7a']
190	['ny7wkswf', 'uxz185vr', 'rtus1qyw', '2lanvyia', 'oz047qmf']
191	['hqapg5ow', 'ximw03ej', 'f74g59b0', 'ygvg9jfe', '5u63aqo5']
192	['gcsew8u3', '4rsvcbnz', 'n1q1wr9s', 'xnkn38i9', '48ay8yl3']
193	['l9u3c1dg', 'z2jtzsl6', '723l0buc', 'ivug325f', 'md0drb25']
194	['vrzl7h45', 'a58wr0dp', 'xyuj1j57', 'dh3zqjbz', '3jv5djco']
195	['z3ktkgyp', 'iez1j9jn', 'nvphu1fm', '164yx77a', 'ylojjfri']
196	['x7qlnugx', 'ok9o9tta', '1y79i676', '0ml57rhr', 'ho6qjkyr']
197	['cbhlzemx', 's0374olh', 'vblfew3o', 'hbyxy4ln', 'eys1k8gb']
198	['sgo76prc', '05vmhjjp', '3w5ouagx', 'td8uwcas', 'u89jd28e']
199	['4haf8aaw', '944pn0k9', '2146o727', 'ch7nna59', '32v44sw9']
200	['rr0v0ju1', '1adt71pk', 'n1q1wr9s', '20nozop1', 'j7ltjn4k']
201	['3kjckx8o', 'b3m11ppy', 'fuvyeq3k', 'rfbihylo', '446p4tbc']
202	['amw2c96l', 'qa1tbu6t', 'r7aqsyfl', 'rcb943w2', 'ssdqobqb']
203	['ixvsemvw', 'jveh2w09', 'aq6iypq1', 'hdk02l2r', '9l6yn8pe']
204	['t3dzso36', 'q4zuslmp', 'rb20ge7e', 'hz5vigp0', '5jlohhmv']
205	['30r8zd0l', 'idlmau69', '582ts5mf', 'zelsywyu', '1fdnbq1f']
206	['2f7wqamp', '2rx84imv', 'knbngla3', 'mnjy6bq2', 'bmmdygbs']
207	['gruir7aw', '2uwnamao', 'qu7ddcw9', 'h8c8lc0a', 'tmp6yxlv']
208	['aqutzlx4', 'o2824pp6', 'bfmcqcq1', '4zd58eqy', 'tjhz8bdb']
209	['utak6i4e', 'vmizkujc', 'g4hlvnmq', '7a7oi5dt', '500ypv61']
210	['rr0v0ju1', 'evf9nz05', '00xuw5j9', '48ay8yl3', 'eecwjrdc']
211	['go0tueah', 'awn23o8y', 'tu1vevx9', '33wpjnko', '0njeeoc3']
212	['wigakw9h', 'd4upbc3v', 'ot1uz6vc', 'hb2lieh3', 'cn0hqvsz']
213	['tgqcnfa0', 'jm4dmnxz', 'rdmmnnjd', 'tlfvjcy2', 'p3cxk8gd']
214	['37gpov43', 'k4ttbbix', '8h0yfvf8', 'c8sthkc6', 'x64zft78']
215	['nli8ccyv', 'dyrn6z9a', '0g3pro4v', 'rtus1qyw', '2iupb6gj']
216	['6pruwy09', 'yl7g2vlq', 'hah9mrnh', '7aaiyppx', 'a6nbpta2']
217	['svsib7yj', 'a9prti0f', 'n2ih64pz', 'qw2ct68h', 'gepjgw23']
218	['7fociv5v', '4cqf9v2v', '446p4tbc', 'v0zxdkla', 'tov6uq27']
219	['4yi9iup2', '7wz030vg', 'duqgd4gs', 'yjsxen4d', 'vegaicq8']
220	['1xycng32', 'df65w0lx', '8of3u2sc', '9452kqc0', '5yscqct1']
221	['g17lp8ch', '1ucs8zu1', 'f3swmk24', 'f80cfjrn', 's2hp3sat']
222	['toj6eqs2', 'ex3s7ytv', 'agpuilt2', 'wq92nfnd', 'f74g59b0']
223	['5a5a8ifz', 'uarsobci', 'obhm5mc5', 'u5rbvc3i', 'cmry8aea']
224	['8anqfkmo', '5hei9fac', 'l6kcpnbj', '8ljnxihr', 'l97yi8l9']
225	['wdfzrzkt', 'foy3dsq4', '3urmf3ie', '0iqdqcp6', 'zmc0kl4r']
226	['qlwergum', '8aosx41e', 'uto9q6s2', '3mfwweyr', 'di45k0dp']
227	['pzqmg22v', 'y12veqre', '36flecmg', 'otp1atui', 'n5ogyxz7']
228	['uxz185vr', 'ny7wkswf', 'styavbvi', 'jrqlhjsm', 'hg3xpej0']
229	['fkbup9qh', 'jcueu1xh', 'elviuvfz', 'xolflz8g', '0retx7ty']
230	['1l4o9pko', 'aakzdkcj', 'iu5ndsxn', '9aw78s63', 'lm73oj21']
231	['fj6l76hq', 'iylmvmv3', 'upiu3e2d', '1aqf98e0', '1vcc1khg']
232	['egn81atf', 'awfgfmx1', '29tcwijl', 'djev6er7', 'pb25lrnw']
233	['vvuaegse', '9wn91fj2', 'io8mozoe', 'ho6qjkyr', 'fi7a0qvj']
234	['us518bwp', 'jtaq9p6r', 'sykjpaz2', '6yztqdt2', '3rat1lsp']
235	['u4doukk7', 'xzuynia2', '3p8rdaoj', 'h4kc04w0', '1fr7j93h']
236	['5i0m18nt', 'ler0t9o0', 'iavvan2c', 'sgj526ne', 'ofw7lnr5']
237	['eeev3k9x', 's2jop0z4', '8i9xwogu', 'k2zrdjyo', 'oy46vntr']
238	['8ko7mmu3', 'mja2qlpk', '1vcc1khg', 'ljpeq5aw', 'uyzalds2']
239	['jc5ik84m', 'lz8b60ew', 'egzlstrz', 'geo7ac5i', 'tq8jpmin']
240	['2xzntu5c', 'jgbwd3ib', 'ix0xi5jb', 'w3m884ng', 'f0t5l7kb']
241	['6sgeraws', 'x21g6i3g', 'wtdzad90', 'ph7lkuus', 'erdcvj30']
242	['607lsqlg', 'mnjy6bq2', '2bupc5jh', 'iylmvmv3', 'dxrltm25']
243	['zj0yxy2z', 'vbhijlmn', '0r12f0h3', 'mq4elsnc', '5ckds66x']
244	['xokujzbl', 'wa5rxe76', '97msfh4l', 'mzekhyu0', 'vpoqfm7d']
245	['x9veckdi', '357sbvyt', '0hhdwq68', 'i88ccp9w', 'ut1lltad']
246	['6rpm4phy', 's9lkvzpo', '033phqmd', 'yamabj5e', 'mtq19xku']
247	['ximw03ej', 'y43prnko', 'g17lp8ch', 'x9sfgtim', '607lsqlg']
248	['ivy95jpw', 'belhjr5e', 'o1xkgkn1', 'rh2jrojk', '186wyg7t']
249	['o1xsjx2p', 'nj94rv6f', 'sykjpaz2', 'oi8epg9m', 'b5eve7re']
250	['zp3efdn7', '8uomx7hu', 'est5jx7g', 'p3cxk8gd', 'jki3gdxl']
251	['mxg2q1vd', '8p0xdqba', 'zkhdjct7', 'cwekmw1a', 'zsygn29p']
252	['fbcu88lv', 'go5tk6ni', 'a66sszp2', 'vvuaegse', 'osct0lj6']
253	['s4cfdgbv', '9wx4ltyd', 'r69ivrej', 'hygxwl2f', 'jdg8gsve']
254	['7n6pva1l', '1peg3502', 'fpexa30s', '9ex61dl5', 'tvhn7lnu']
255	['wdfzrzkt', 'foy3dsq4', '3urmf3ie', '0iqdqcp6', 'zmc0kl4r']
256	['suqkidrm', 'rhnr430g', 'yb9uyov3', '2b2evno8', 'd1p8zo23']
257	['bsypo08l', '4hmecfi0', 'w1azm2mc', 'w25jpub7', '3jgm3uhs']
258	['ai60maqz', 'fxvro3wl', '95e1kuux', 'l2i3aa3k', 'jrgeasqy']
259	['n1q1wr9s', '3lfmmfp2', '69wuny3p', 'umg0ms2i', '9ei6ubx6']
260	['v1ei9im8', 'li8kvzdh', '88ivkkaw', 'hfaiddki', 'go5tk6ni']
261	['lf6fprh0', 'g4i4hkhz', '1wui9gwa', '2kt35rqn', 'bqy5eo3p']
262	['7aaiyppx', 'mup5hr7e', '4img2we6', 'u95kg3m0', '8vk15klh']
263	['ximw03ej', 'elviuvfz', 'vuzbni5m', 'zl4ixyg1', 'r4q0zqam']
264	['me08w1ir', 'td8uwcas', '54fmvcl5', 'glpca9u0', 'tadojzoj']
265	['bf42staf', '105ezycx', '0rrhiw9m', 'poh3te9j', 'kd7s0mqd']
266	['h6dsjkvz', 'mrsya6wz', 'ike8mgh6', '5ngg5hm4', 'k3pp85kd']
267	['f2ypnls4', 'xeb14weg', 'cjfn4dna', 'lnls2mhg', '4socpj73']
268	['lm73oj21', '1l4o9pko', 'aakzdkcj', 'b7w2n36j', 'belhjr5e']
269	['q7pieq3w', 'xuqkhpn7', 'bnzb1yon', 'hpcqbohs', 'roev0cye']
270	['tq2vdo88', 'zqzs6vtf', 'vrjibtfi', 'ml27mexb', '1l4o9pko']
271	['ef3warsh', 'iylmvmv3', '7zngkwoh', 'y43prnko', 'jb455t9p']
272	['5tdmh0ac', '2aoyzj2b', 'w04z2f0q', '2yrgy2y2', 'coh92gm3']
273	['k1uvqaaa', 'u99omznb', 'cn1yfjwp', 'ub3kjqkv', '7n4t8i2n']
274	['30pl5tx3', 'qi1henyy', '0imnd2q5', '3h80bn0k', 'wq92nfnd']
275	['grccu4kh', 'xqpsdc8u', 'kjr6dcqv', 'tdxrx9se', 'oh23px9c']
276	['nxu1xoax', 'onlly1ga', '1l4o9pko', 'aakzdkcj', 'zqzs6vtf']
277	['o1xkgkn1', '3m9yonqe', 'r76tqrwz', '1ov3eydq', 'ax3e82js']
278	['u0jddsup', 'te0v91nr', 'mjb3ip7a', 'hn6clwoj', 'bzeqs5oh']
279	['onlly1ga', '1l4o9pko', 'ml27mexb', 'aakzdkcj', 'iu5ndsxn']
280	['dfl69g4f', 'gruir7aw', 'lfo6otkc', '9f5i6crg', 'po6cqv4m']
281	['g4i4hkhz', 'y8puocsa', '855atuue', '30r8zd0l', 'f2ypnls4']
282	['tlr243il', 'geo7ac5i', 'xcs9podj', 'roi3lta6', '5vp2r2bd']
283	['ozbmgd70', 'qxtcbksp', '3wo90f5u', '50dmclk4', 'uukdrm6y']
284	['u2kjft6q', 'ko42qlzr', 'b0wy5zz4', 'd1p8zo23', 'g0wujywh']
285	['c00jgkpg', '79sbtnhu', '9gl8g08y', '3014grzd', 'qa6za0yf']
286	['6274gicp', '6ajmuuld', '7iuls8x1', '9uxazk87', 'hapw6lv9']
287	['dx53hxej', 'd3mdk2yt', 'na3c21pf', 'ek5zfb8f', 'vjntos25']
288	['o6dd2vu1', 'mkgszhkk', '0clp6zt6', '8hchfgx6', 'uhkff67h']
289	['lty6oq3d', 'x7ybnese', '5aev7ltr', 'so9uy899', '4jyltfus']
290	['t1vom8f3', '3jnhboif', 'p0jht22m', 'e0pz0z4j', 'hvp47bm2']
291	['nj1p4ehx', 'bw6a5gmy', '914oafkn', '71x3b75z', '7oipjzq1']
292	['pw51kd1r', '8d6vcqr3', 'y2ezdqhr', 'h7f3bkc2', 'e4iq2cek']
293	['f3mvdpq1', 'sgo76prc', 'ngpl6xs1', '3w5ouagx', '7pqy0ejn']
294	['toy8i1lm', 'qlwergum', 'tz2d3lff', 'ngbnnpni', 'vo6jdb65']
295	['uohbxoeb', 'mjb3ip7a', 'ax3e82js', 'a40yhtqk', 'te0v91nr']
296	['dlwwcryb', 'grccu4kh', 'l5ogbl5p', '3kde69wy', 'ueb7mjnv']
297	['yfoqy2id', '55vu6b3u', '3xzgv370', 'kkskmuw3', 'dpt7sh4h']
298	['uohbxoeb', 'bzeqs5oh', 'zbi0llig', 'oyr4klqk', '0bh8i14e']
299	['po32j519', 'lvvw1npq', 'nemkary2', 'igm2qr4p', 'rlr17nah']
300	['mnjy6bq2', 'knbngla3', '2rx84imv', '2f7wqamp', 'wn98fql3']
301	['y43prnko', 'cnmawglq', 'upiu3e2d', 'w3ls1d7w', 'gin90aef']
302	['pzqmg22v', '2hbcbvt6', '0ojzssli', 'jisznsr3', 'n5ogyxz7']
303	['yztfkwkc', 'gunn55f9', 'txnegebz', 'eflwztji', '7kxi7px1']
304	['xegy9krj', 'ngpl6xs1', 'ro3k6q06', 'la2wvnb0', 'y1nrc138']
305	['jveh2w09', '9kk8pevp', '3vrg7zyc', 'bcttenl4', 'ijoyk390']
306	['qpzg8lam', 'lzwgyzdp', 'x9zg7ulr', '3014grzd', 's7wykoze']
307	['te5qq8nd', 'jk5tczo0', 'irgnrr0j', 'msut5gyc', '9g547s2n']
308	['6sk97gc4', '8t4rnfyu', 'hbyxy4ln', 'cpfnva0v', 'pj7no3fe']
309	['2u5zxc2i', 'fcdwitxy', 'pzqmg22v', 'zu5mg2im', 'iz74o9de']
310	['jisznsr3', 'hn6clwoj', 'yz8rtmc4', '7dyhyruo', 'z218oii3']
311	['xj1nw76b', 'u0jddsup', 'dtja6m6w', '23n5r8qj', 'ay7gv9lv']
312	['8hkxbxz9', 'mwj0xc3q', 'veeavho5', 'kokfufba', 'lmzkseiz']
313	['sgo76prc', 'ga1fks7l', '05vmhjjp', '7pqy0ejn', 'f3mvdpq1']
314	['si5mxgrk', 'ez1l3m4o', 'b8c309hj', 'w25jpub7', 'v4ubd1l6']
315	['t4y1ylb3', 'tn8houmc', 'ruewzstg', 'u89jd28e', 'ylqpkosd']
316	['s9lkvzpo', 'z3ock8ar', 'pta8enbu', '73b58lcm', 'krh63hqp']
317	['eztw9tx6', 'p1ayih2z', '29ph2eai', 'hj8z4nk6', 'f35cqkpf']
318	['sgo76prc', 'np1y2fkt', 'b5eve7re', 'la2wvnb0', '7pqy0ejn']
319	['g1zce6p9', '3km6yfr6', '0rftk787', '6gqxf34l', 'ximw03ej']
320	['tf5a48i2', '3lzm42wq', 'ddwrvlc9', 'spohl5ey', 'pmd78j61']
321	['bdb9g77g', 'apfimvix', 'fm6lf66a', 'yaedocvp', 'gtp5daep']
322	['pbhvq1nh', 'fqk8rmiy', 'yvbmbnjw', 'opckeugf', 'lpoxaetv']
323	['4vkkaqhz', '6crputzl', '5nr3j1ew', 'kt47i60w', '20xgqvxc']
324	['5kz2s7ag', 'j7ltjn4k', 'eomtjrgc', '69wuny3p', 'ppuki7qn']
325	['0y2kq6zg', 'tovfd9lw', '5l6c0it4', 'i03mrw1i', 'umttnp1g']
326	['dsfbmhbj', 'xvpn9dvf', 'opjfy3xr', 'y1uk8yfa', 'awxo0osz']
327	['1l4o9pko', 'aakzdkcj', 'zrjvpoq0', '0retx7ty', '47p4g80o']
328	['ylqpkosd', 'nsflghc5', '6gcahsgs', 'vgmzb03s', 'ifovibzi']
329	['ihq8gdwj', 'q44yuued', 'i6o608fm', '4jyltfus', '56zhxd6e']
330	['3iz0ozpx', 'urazxa6x', '3p2cuxk0', 'yxe19kwe', 'o0m20894']
331	['10dkpj5h', '3xvphg52', 'gkf3wez8', '5sfojk7y', 'yhyeywvc']
332	['bzeqs5oh', 'oud5ioks', 'zbi0llig', 'a40yhtqk', 'te0v91nr']
333	['hqod7v2l', 'qg153asp', 'y98m15aq', 'wubcq0xx', '5haoocjx']
334	['sgo76prc', 'f3mvdpq1', '05vmhjjp', '2qcuygax', '35nshnn2']
335	['iuy5a0bk', 'grccu4kh', '3kde69wy', 'r5v2gi3v', '10dkpj5h']
336	['qwgxm1ol', '98pujiph', 'k9xhphpl', 'i1yf8fgk', 'x51jorbm']
337	['ax3e82js', 'r76tqrwz', '0r580il2', '1l4o9pko', 'jiunpwz9']
338	['ocguwlam', 'u1s6ciy4', 'plwoof39', '4wbkis5w', 's4xintwp']
339	['w0ebmg16', 'yrowv62k', '1s8jzzwg', 'wq92nfnd', '0emibwp3']
340	['doi8buyw', 't019zx7q', 'q04yqjfe', '5ckds66x', '7twi1z5b']
341	['m26sn2qg', '9169o29b', 'y7s6qt6j', 'psrsed4b', 'e0pbs354']
342	['djev6er7', 'awfgfmx1', 'ksf2tpdw', 'pb25lrnw', 'jpby8m6r']
343	['1uabldiq', 'h4sbz3md', '1pemhh4n', 'eomtjrgc', 'nvtoxzka']
344	['w3jyovd2', 'bla8a6uw', 'd60chk12', 'puu8wib8', 'qbbwvyn9']
345	['x0cs571f', 'c3a85ld0', 'k1x0b17d', 'ylqpkosd', 'pofysmv8']
346	['8ruux4sw', '0cji7tzq', 'y7lrp0gc', '3jnhboif', '6sgeraws']
347	['5gldyo2d', 'rhgl6vss', 'ii3di3dz', '55wqowbq', 'jpenhh92']
348	['0iqdqcp6', 'd78zcfls', 'vge26qe9', 'ngywgodg', '05djnz4p']
349	['edz3up3a', 'znswomwk', '41uuzzpg', 'd78zcfls', 'ngywgodg']
350	['x51jorbm', '4eak8e8l', 'nr0fu2qb', '1zuhilmu', 'g17lp8ch']
351	['h1mo3bs8', 'boew323c', 'h0iynw2w', 'xyuj1j57', 'jisznsr3']
352	['ivxvry3u', 'aakzdkcj', '1l4o9pko', 'qeqd4soe', 'mo23hpe1']
353	['sm0112e3', 'u31ixcwa', '0lk8eujq', '2qwk2z22', 'z22g03v4']
354	['ximw03ej', 'u8mu4yga', 'w1bx4a7v', 'eay6qfhz', '8je46886']
355	['uzc6r1jr', 'ccxnsmia', 'ijsn8d7b', '6o1h9uyl', 'tl16qf33']
356	['u20e82de', 'zkdk2v5e', 'wzfvqj6m', 'v72mveyu', 'ypp1foym']
357	['xuiswu2l', '8anqfkmo', '5hei9fac', 'pzak57w3', '8ljnxihr']
358	['f2ypnls4', 'xmjj1s5s', '47p4g80o', 'mx30g5w8', 'osrqh33g']
359	['cfbj6ize', 'bre2ijbb', 'xj1nw76b', 'q93luiw2', 'k5jkntul']
360	['lq1qndxg', 'b5eve7re', 'y04dub8o', '3z9ubx09', 'r5v2gi3v']
361	['rlr17nah', 'zaibt2fq', 'gi3vfi68', 'u6a65x9h', 'kfsuiz5t']
362	['pq6c0zia', 'y3c478hf', 'qxy2p79x', 'nhy1ofwa', 'hcuxj2k7']
363	['1nqbqmum', 'zsygn29p', 'g0cgjlok', 'gc9eg5j3', 'n2ih64pz']
364	['6buxpp8x', '36flecmg', 'e0pz0z4j', '9ige2pwd', '2u5zxc2i']
365	['ck338ifc', 'td8uwcas', 'lbkjxws4', 'wpuf4ofo', 'rnfh9v1h']
366	['knbngla3', 'atloc9th', '2f7wqamp', 'g57r3son', 'mnjy6bq2']
367	['iy8pp5ey', 'nuzt4jcf', 'y7znjepe', '46al6phc', 'ocl5qf9o']
368	['x44oc1k6', 'geo7ac5i', '4co920gp', '7f5nywod', 'oeudi6lr']
369	['uohbxoeb', 'te0v91nr', 'oud5ioks', 'zdfx3zo3', '5dgggmv6']
370	['br0hhzmn', '77bq8tdy', 'twlupt3x', '5ngmdwgb', 'tyrgtwo7']
371	['o47v5vgw', 'o877uul1', 'zdlbsuys', 'q92unteg', 'eecwjrdc']
372	['t2gxkxxd', 'na3c21pf', 'ty41xob0', 'm0nav2pk', 'e37oh29c']
373	['ai60maqz', '2bupc5jh', 'kutc6ts0', 'l57v4wnr', 'dq3qunwe']
374	['50dmclk4', 'aqutzlx4', '21lbbcxy', 'njivwikk', 'zweyxxg2']
375	['8rgpr2lo', '0vwspd6l', 'yz8rtmc4', 'zjyszmfh', 'cgdif7md']
376	['76aij6sx', '4qp083h4', 'sdg65ple', '7wz030vg', 'qp3cjql9']
377	['v10454ns', 'td3drkgw', 'zbkx78mm', 'ipsjsf0y', 'lsfnkpcb']
378	['k8vjv3zy', 'auy3c2e0', 'q8dl0gcc', '6x33a6g6', 'aj7rwpbn']
379	['nvphu1fm', 'iez1j9jn', '7t7ho26v', '94w1sbsb', 'hbyxy4ln']
380	['jisznsr3', 'io8mozoe', 'rnq3k34m', '6bwd99d9', '8d79k64l']
381	['s6sp3rme', 'r5fdn7uz', 'xvqemhnq', '33wpjnko', '0njeeoc3']
382	['qe8mxow7', 'niw61l9r', '0ml57rhr', 'ajlpb9li', '71x3b75z']
383	['b31ctbat', 's7sq53zy', 'cj7tcpsz', 'myeiu66g', '38d6gb7o']
384	['atwx0a2s', 'db8fl9d2', '3ttyxjgi', 'wzqdo1st', 'gtwg0m54']
385	['06fhiu9q', 'dngs5tbw', 'ldqy66uh', 'ua7hsfma', '88mhfqkq']
386	['kxx3szjq', 'vw8a1994', 'glyoiu93', '8pislcjr', 'znwa2kig']
387	['q41elfwt', 'w5rk8luy', 't5p6z0wv', 'h5b7mncf', '6vmfa6qx']
388	['1m1hi735', 'b9nqcbf7', '6gm8kaqi', 's96beqsh', 'd2s3170w']
389	['53t1mhnb', 'nt1e70dv', '5jlohhmv', 'mx30g5w8', 'ljlsvc9h']
390	['6hkqe14l', 'jveh2w09', 'ijoyk390', '92tvskxw', 'pn516wom']
391	['l72grjbg', 'r5v2gi3v', '4iuxm6z2', '3rxsplrl', 'rwk954dx']
392	['35meen0h', '93b2ivio', 'o29hjkca', 'nqahx56j', 'reigmh19']
393	['ql9cfh1j', 'w5rk8luy', '9e9fyarm', 'f5m4ndx4', 'rob84q03']
394	['9iz8papc', 'ktv6fk7q', 'rnq3k34m', 'z9jqbliw', 'qe8mxow7']
395	['5xki1ulf', 'o877uul1', 'sy8sloqo', 'q92unteg', '4pgish5x']
396	['sts48u9i', 'k9xhphpl', '4aps0kvp', '01q4pu9k', 'bsypo08l']
397	['xtmn1n0r', '844229sb', 'x9sfgtim', 'ropgq7tr', 'fj6l76hq']
398	['t3vuwghp', 'vx1hjh26', '6a8j7hjt', 'bb6lv6yg', 'hpbcwiwf']
399	['ukrm4ow3', 'nkzweuft', 'm1bvurwi', 'f5s0ntps', 'kgmugkmw']
400	['bccrvapy', 'tl1o1wr9', '2lk2vm5r', '7objlrqa', '8gl323hs']
401	['kt6rs1zo', 'ml27mexb', 'wubcq0xx', 'zoipx650', 'zuc538yd']
402	['a3fvifax', 'c4m63cr3', 'tv014ubp', '6bwd99d9', 'rcp6xlpg']
403	['hsimf7wt', 'hfaiddki', 'tq8jpmin', 'yosjlefy', 'k457kqlo']
404	['jyxrk9bz', 'bgsbbszf', 'l9lj98b1', 't7bonus8', '93y40vnp']
405	['vqswp96l', 'prn7t499', '8hvgsico', 'z68tl88x', 'xxlvyp5c']
406	['0clp6zt6', 'w1bx4a7v', 'vkr0766i', '1s8jzzwg', '0cnjtxyq']
407	['a0q61mpi', 'w1bx4a7v', '30pl5tx3', '9b6cepf4', 'f96qs295']
408	['9anlwi27', 'k9xhphpl', 'lzsbte0j', 'bn22k0p3', 'mo7oq5t8']
409	['uxz185vr', 'ny7wkswf', '82y56t7d', 'styavbvi', 'hg3xpej0']
410	['wgfdd3lm', '3tfof5nd', '54aruvbf', 'j1kzjre0', 'qdmkx03t']
411	['5t4twnpm', 'iff8cuum', 'ywvk6gu6', 'yn2aylru', '4mat0psy']
412	['1w3x0g42', 'eo8rbcy2', 'gi3vfi68', '32v44sw9', 'mt8h4rk5']
413	['mkgszhkk', '1zuhilmu', 'fj6l76hq', '8je46886', 'g17lp8ch']
414	['tij7lakb', '1nqbqmum', 'uliopaz0', 'zsygn29p', '23n5r8qj']
415	['1ujphwmi', '1ufwrgc8', 'xvqemhnq', 'r76msx6y', 'k7q5evtj']
416	['nr0fu2qb', '0emibwp3', 'wq92nfnd', 'opjfy3xr', '8ko7mmu3']
417	['tvzn0112', 'ukca8cqw', 'toixg0hy', 'e85xdrcw', 'jtwb17u8']
418	['8g2mr8o1', 'yosjlefy', '0iy8clcm', 'qfrabyp7', '828eqxla']
419	['tlr243il', 'geo7ac5i', 'xcs9podj', '58r5wcwd', 'roi3lta6']
420	['uohbxoeb', '5hei9fac', 'hn6clwoj', 'yfbg2n2u', 'pa000mr8']
421	['cr2cute3', 'z9vjo98p', '4uqgpb0w', 'vszrekp9', '6bgquqa1']
422	['y43prnko', 'ef3warsh', '1vcc1khg', 'w3ls1d7w', 'vgmzb03s']
423	['lfk6e8hy', 'k4ubol2x', 'xi90m4jk', '45qyz490', 'stn5gl2b']
424	['gof2of9o', 'nhkd88yv', 'y2739974', 'f6i46t3h', 'vqlnd5rx']
425	['myqli11j', 'mt8h4rk5', 'kfsuiz5t', '32v44sw9', 'nyvluckw']
426	['9a27s0zn', 'ay69e8ad', 'baodjrw2', 'oeudi6lr', 'geo7ac5i']
427	['kp4j9snc', 'hltkddac', 'lcqxrcji', '2mtuw7gb', 'qjfe2t9v']
428	['mmr04tsm', 'yjm6asp5', 'lq1qndxg', 'pq571myy', '5g02ykhi']
429	['9phgag8q', 'adusu6pm', 'nfx86mkj', '1a2jptg3', '660gckc7']
430	['1gv3t5t0', 'ciwozpc0', 'g5sw7t8x', 'kdxoyvsv', 'awfgfmx1']
431	['iu5ndsxn', 'aakzdkcj', '1l4o9pko', 'zqzs6vtf', 'onlly1ga']
432	['7vadpp3d', 'bgn6zrer', '2dvljm27', 'gr14udp8', 'nbn44sxq']
433	['hezheq49', '868txjrw', 'iz6nrfpc', 'uk0hlynp', 'rjelshrp']
434	['1daa6fte', 'n39y3kq2', 'jveh2w09', 'l07q84ni', '582ts5mf']
435	['9qklnvyl', 'ekej22k3', 'gxvaric3', 'tcaglk0u', 'du7ba2ky']
436	['30pl5tx3', 'qi1henyy', 'zycgczqy', 'f96qs295', '3h80bn0k']
437	['ximw03ej', 'del20ax2', '08h4198w', 'ofgv3p8y', 'oxtvcoi9']
438	['g5sw7t8x', 'ywusapij', 'wqqt6jvk', 'jctz6fbg', 'z0hy52cu']
439	['fk16k9ts', 'irk1gxeq', 'xkmy79p9', 'w62rqn2p', 'aodb3j1y']
440	['a40yhtqk', 'hn6clwoj', 'bzeqs5oh', 'pa000mr8', 'mjb3ip7a']
441	['nk8m2dxt', '3ul4yoec', 'wdtrpnkn', 'tl39u0h9', 'i1icueuw']
442	['8acldtv2', '4p6fcy8f', 'jgq968f6', 's2hp3sat', 'llcit7x2']
443	['c187k4yc', 'k886vcj1', '33znyrn8', 'cymppa7g', 'bk3ss63e']
444	['udtoutew', 'eu2vjpw9', 'h7ftu3ax', '0emibwp3', 'ckorpogz']
445	['entkqcn3', 'shfkl0bs', 'fjuehj70', 'qalficgu', 'v4y49n7i']
446	['35nshnn2', '5zaw2iot', '3w5ouagx', 'lq1qndxg', 'zctjkag0']
447	['wehqqbjx', 'gbgcfa2o', 'hzn3qus3', 'wijqiktk', 'urv9o2f1']
448	['6a728le9', 'ge8o93rh', 'qbj8n8h6', 'ilnudz0g', 'xvphsdg7']
449	['n5ogyxz7', 'pzqmg22v', 'mrc41hu0', 'zu5mg2im', 'k2f667sc']
450	['qa1tbu6t', '1uabldiq', '0pptqw7o', 'rcb943w2', 'amw2c96l']
451	['c9o7kbv5', 'vgffg4c1', 'mag2289a', 'ahxldfao', '10l6kx3e']
452	['a0q61mpi', 'iu4p5k0w', 'iu1d9i57', 'y6zisciu', '92z77upt']
453	['121p2shq', '6hl6rtsh', 'li8kvzdh', 'c5be70t6', 'pjh2lr22']
454	['hnx43l5c', 'daj5g788', '2qcuygax', 'hpj8gb4o', 'vgmzb03s']
455	['5i0m18nt', 'iavvan2c', '9colibhs', 'w3zic0on', 'ler0t9o0']
456	['9kq9o5wp', 'stn5gl2b', 'gha1wg4w', 'kit7dfi2', 'ws3tfs1j']
457	['0oq0xmzr', 'j0bu0upi', 'qgwu9fsk', '8zufbeuz', 'jzosdlu7']
458	['gckr8h1m', '5t72hl4l', '1kubts7j', 'w1azm2mc', '5nxcmedx']
459	['d4upbc3v', 'ot1uz6vc', 'ckorpogz', 'tyqeguyf', 'sz072p5o']
460	['b80todl7', '3jigt8mk', 'v4c1lgpd', 'mlozjg9h', 'gme1zk3n']
461	['3jn7tdaj', '5azti19e', 'o8lasxcb', 'ftq6ed38', 'vww8d1ew']
462	['9rczqcaz', 't3b2adct', '38paoyuc', 'lg6qorv0', 'p36ilfqj']
463	['svi7syld', 'fq9g84wc', 'sxi0tpsf', '86gqxajw', 'pm3ck1gk']
464	['g4i4hkhz', 'q1mq5f2t', 'ngb7pbyl', 'aekhd3tb', 'bttme4wn']
465	['tij7lakb', '8p0xdqba', 'zsygn29p', '089b1z4b', 'mxg2q1vd']
466	['ivy95jpw', 'iu5ndsxn', '14alhxc3', 'l97yi8l9', 'cntmsia6']
467	['me08w1ir', 'td8uwcas', '54fmvcl5', 'glpca9u0', 'tadojzoj']
468	['ledopkwj', '8tqm4k6k', 'um51u84w', 'mvm1t0y7', '0bk9jmdu']
469	['s1qnjgev', 'j4hnitqx', '3bbiyucq', 'cpuyh6q8', '25bdifv6']
470	['jz6o9gnb', 'sywxrxmf', 'myeiu66g', '1l4o9pko', 'ivy95jpw']
471	['od5nnxvg', 'pc2cnhjd', '4p6fcy8f', 'ykxr9q1j', '5zn5mgi9']
472	['c59vfq1o', 'olhgu24h', '9169o29b', '5hei9fac', '8acldtv2']
473	['nnxlzxdt', 'rv26qfmf', 'uk6whrhz', 'pl6dpxkz', '76aij6sx']
474	['qkg8fwbp', '86auifl6', 's9lkvzpo', '49q2xxkw', '6hnts5l2']
475	['10lun7te', 'yr6z0eki', 'bbs7zocu', '55yxh5er', '1a7ugd24']
476	['2t1zzigc', 'wbso4fci', '94lc85q5', '57z0g4mq', 'del20ax2']
477	['6eivv0d9', 'ld7lhdi1', 'whnyjf5d', '5nncqp3z', '0illlel7']
478	['8twdx4g2', 'v4ubd1l6', 'b8c309hj', '3jgm3uhs', '1mx3jrup']
479	['ajlpb9li', '3wg6flz0', 'xld7ztx5', 'imte5ong', '1y79i676']
480	['8cvjsisw', '8ruux4sw', 'h4cu63cm', '104lecie', '9wnkmn27']
481	['n3yuvf8v', '1tmqe3xf', 'iw3wv973', 'v7szuzfa', 'ybcr7clp']
482	['y6ufb4l6', 'k4ubol2x', 'j81mq3nr', 'xi90m4jk', 'xlscrlc9']
483	['lgflny84', '92tvskxw', '3vrg7zyc', 'bcttenl4', 'ra3clbbr']
484	['t1ughb9b', 'rwk954dx', 'bzzln9kc', 'q77tr31d', 'dx9hez38']
485	['4kfbs7j4', 'lgtpeqhw', 'iqe6sdq2', '1itor6ic', 'yn9qcwvq']
486	['ledopkwj', 'ewf1z1ee', 'oywhabcd', 'cddya0r7', 'tsv0rcr3']
487	['4a7fzrxg', 'd0tg9i90', '606oxq14', '222ci300', 'z79x349o']
488	['ngywgodg', '05djnz4p', 'fdkt6moe', '0jl6qu0i', '8i1u1a9t']
489	['mo23hpe1', '8o2xddof', 'belhjr5e', 'nz976qc6', 'xnrb0byz']
490	['8hkxbxz9', '1iqfm496', '3ncm8iwb', 'hpbcwiwf', 'eohd0jjy']
491	['9195zweg', 'n1q1wr9s', '1peg3502', '69wuny3p', 'vllhupzp']
492	['je585xia', 'be4afbyo', 'dgng39yd', 'zq9ehv7a', '4gj9d181']
493	['yu2qzp18', '4haf8aaw', 'dogie34u', 'uazqkay9', '9svrz0vj']
494	['hfaiddki', 'c5be70t6', 'gom8sh8v', '122yi9np', 'xkmy79p9']
495	['nuu9l5kx', 'y77rbrnd', 'dkfohub3', 'y6zisciu', '4vuucmfd']
496	['2tax8ajw', 'm8xfza1d', '6xxm7hcs', '6fpw6y8t', 's6b2zp99']
497	['vxavox24', 'j23pvlj9', 'tc1exm56', '6zfpcm4j', '6sgeraws']
498	['yaedocvp', 'faue5ywu', 'b9vm3x3w', 'fh0zym9r', '98ejxivc']
499	['x88qugn9', 'm4hwwhux', '7gqkyq1j', 'ow1n47ui', 'm2bmp8s8']
500	['y6zisciu', 'spiud6ok', 'ovgk0wsn', 'qeqd4soe', 'wuzeby05']
501	['q1mq5f2t', 'e7ud2rrq', '08h4198w', 'h2u5w4a8', '2tax8ajw']
502	['7wz030vg', '9exmyy5a', 'pj7no3fe', 'ml8arkpd', '4qp083h4']
503	['ii3di3dz', 'jpenhh92', 'n5ogyxz7', 'fcdwitxy', 'iz74o9de']
504	['d4eae8g3', 'ogrlupbx', 'qpzg8lam', 'soa71kwx', '6xxm7hcs']
505	['0gier0lu', '8cvjsisw', '0ockdyh0', '1a5oy6fr', '7rujn0d3']
506	['u8mu4yga', 'f96qs295', 'fj6l76hq', '9mn6trtn', 'w3ls1d7w']
507	['7g7sgabs', 'sfm82h0g', 'r1tl2hrk', '3a5965df', 'o78vcy90']
508	['rb20ge7e', 'x73moqog', 'nt1e70dv', 'lvsn38q9', 'gw9hkw00']
509	['su028g3j', 'g8tckoxj', 'lgptgv72', 'cv5th7hd', 'y6zisciu']
510	['265cgz94', 'g4i4hkhz', 'bns5eb1t', 'wdj7o7kn', 'z514v0um']
511	['gxu62u9i', 'psaq958v', 'bh8zshy9', 'os0sslxc', '9jsx2z6e']
512	['oyr4klqk', 'dh3zqjbz', 'zbi0llig', 'u89jd28e', '0njpdbv5']
513	['mzekhyu0', '97msfh4l', 'vpoqfm7d', 't13pehgc', 'k7smwz6w']
514	['so6irh9b', '0pptqw7o', 'qa1tbu6t', 'bvzi49hy', 'y1gt6bfu']
515	['0emibwp3', 'r0taoqsw', '7c0844ui', 'mu2vqjnv', '3jn7tdaj']
516	['isk5cu0k', 'nzy970he', 'sjkni2uc', 'ds7qon66', 'e7uvbra5']
517	['i9jrobdb', 'jjgfgqwg', '4mat0psy', '4dsq1dds', 'mrsya6wz']
518	['onlly1ga', 'aakzdkcj', '1l4o9pko', 'zqzs6vtf', 'tq2vdo88']
519	['5zeqfohd', 'gha1wg4w', 'pxo5uh4w', 'pvw9t7zd', 'o9mq3auf']
520	['zqzs6vtf', 'belhjr5e', 'roe6g61u', 's0ca1r5s', 'ml27mexb']
521	['tdxrx9se', 'ogsj01s1', '1niaplc2', 'a3efmczu', 'vtagfrds']
522	['pg69ww3a', 'lkb09vs8', '5azti19e', 'ex6ktyl6', 'apfimvix']
523	['toy8i1lm', '94w1sbsb', 'qlwergum', 'pj7no3fe', 'pbb9nrba']
524	['g6kag5ij', 'y8i60bm3', 'cbp4o6ou', 'lafh3w44', '00xuw5j9']
525	['ifovibzi', 'hpj8gb4o', 'tmwt9yd6', 'etokw9j7', 'gwb8l3f2']
526	['ylqpkosd', 'y6zisciu', 'ruewzstg', 'e9ba18fn', 'dlwwcryb']
527	['9pb2eqoa', 'xtraspw2', '8je46886', 'bfcz49t9', 'h7ftu3ax']
528	['9mact9br', 'hnx213kp', 'sonxopa0', 'i9jrobdb', 'mzqo4wjo']
529	['e0pbs354', '9169o29b', 'c59vfq1o', 'b9evh1l2', 'jgq968f6']
530	['j67qgjbj', '7momt81r', 'p91vvukr', 'b9evh1l2', '8r8586br']
531	['z86g8dzs', '1s8jzzwg', 'h7ftu3ax', 'qi1henyy', 'b88nilfd']
532	['t90pvtad', 'aefzogn3', 'jvgq2p61', '1k0qpuys', '3ncm8iwb']
533	['u1s6ciy4', 'ocguwlam', '4wbkis5w', '9n7a9g78', 'hitaptnp']
534	['opckeugf', 'lpoxaetv', 'jgs4jszx', '7fe2vdm7', 'r3w90vg8']
535	['zjur5j95', '0x3uihto', 'j2oo4hoo', 'uqmblefe', 'brt4zrhe']
536	['cq6mivr9', 'lpbb4rga', 'yn2aylru', '6hl6rtsh', 'o3bp0837']
537	['zpv5f8pr', '9rczqcaz', '32v44sw9', 'ii0ceksc', '3oetrhdh']
538	['ueb7mjnv', 'zueghgx5', '77m4rhrz', 'yoiq6cgt', 'bwmpamea']
539	['gorp9n1g', '6e0yre69', 'kc6dls2z', 'ozj6zju8', 'dwcu6vyp']
540	['5dbuxvc4', 'q4m2uj6r', 'car394ou', 'kmwfce00', 'w9zyshzb']
541	['wehqqbjx', '75cnqi4v', 'pfh6nm9r', '0aik5i71', 'cabmmgg6']
542	['3u3i5myh', 'a4klrp3h', 'ruewzstg', 'ijzoa0yn', 'cvbxv7h7']
543	['0aqww7cz', 'pdd5wepz', 'gvtp8s8b', '1z1tces3', 'gckr8h1m']
544	['1y79i676', '10l6kx3e', 'tgrh7ap4', 'qe8mxow7', '0ml57rhr']
545	['49jkx2hc', '1gbq9j88', 'm8yyntls', 'ox60yrvu', '0fpa1f30']
546	['v7szuzfa', 'kdxoyvsv', 'ydh4ve24', 'vxf2jexb', '1tmqe3xf']
547	['hsm75cww', '5xk20hs5', 'aaxhrecp', 'ocl5qf9o', '1v8xf5uy']
548	['gcsew8u3', 'kt7km3jb', 'ml8arkpd', '4pfzwcjt', 'wd7drbky']
549	['zu5mg2im', 'm847xdzk', 'iz74o9de', 'ucysxk5c', 'jpenhh92']
550	['hhen3xjx', 'kt1az1pf', 'cucrqa16', 'c1k9ubbk', '1uto8vrp']
551	['um4v5qr3', 'n7oankiq', 'xwghd9ut', 'est5jx7g', '8nil3u2k']
552	['5d7erbr4', 'rzahax88', 'u89jd28e', 'tpswy2g5', 'h0iynw2w']
553	['vs730te0', 'deezca5z', '5ifrkb75', 'o4vvlmr4', 'wqu8dm15']
554	['h5xvrtfy', 'y42gcbj0', 'kkbed30m', 'elj952zc', '657acgl4']
555	['vvx3zukm', '8dbjycgt', 'g2bt258c', '265cgz94', '68d30i8k']
556	['uto9q6s2', 'qlwergum', '3mfwweyr', 'tz2d3lff', 'sjsaw6yv']
557	['iz74o9de', 'j0sr3ifq', 'hnj1jqr1', 'pzqmg22v', 'byh09alo']
558	['8f83k2ce', 'h13dq0x4', 'iimx8nt8', 'glxt2q6f', '401l7jbn']
559	['c3a85ld0', 't13pehgc', 'ebgu29uh', 'yvdaljz9', 'hp62t734']
560	['4uieqidm', 'k8wb51i7', '33wqmdnk', 'e63j8gci', 'w0ebmg16']
561	['ywi0a8s1', 'jo724gaw', 'gdbr8zwr', 'l07q84ni', 'xi17qo6z']
562	['abmrgpbm', 'y1uk8yfa', 'grx4gx95', 'tmonjdrp', 'h29zzmla']
563	['14alhxc3', '2v6zigt8', 'cntmsia6', 'myeiu66g', 'ivy95jpw']
564	['9eu792zu', 'e8fhlo37', 's2tdo7bn', '213bme3q', 'iseh0z9c']
565	['ny7wkswf', 'uxz185vr', 'tdwkxwod', 'oz047qmf', 'klh90lvp']
566	['ptnpgh3j', '10lun7te', 'x4ix852w', '8qcovhtk', 'scw4p9wq']
567	['ruewzstg', 'li5cw8xx', 'xmd8fh95', '4gxff3rd', 'z6elaxpc']
568	['1nk1t5qs', 'wjktna81', 'mrsya6wz', 'gttuxtw6', 'jveh2w09']
569	['qxtcbksp', '5lzixulv', 's4xintwp', 'u1s6ciy4', 'rtwr4a1w']
570	['em2uatlm', 'td8uwcas', 'vndj6f7w', 's96beqsh', '5jl2whuu']
571	['ufzjvdho', 'jo489zm2', 'f6i46t3h', '5g8u35f8', 'cfkh0ypy']
572	['1r9975o8', '1k1fhb1s', 'lvrdgpyr', '95e1kuux', '9eudsrjr']
573	['3p31ei4k', 'wubcq0xx', 'x44oc1k6', 'ik4wen7l', '5jrxr2pm']
574	['ftxgcgkb', 'li8kvzdh', '7xb7hj9u', 'c5be70t6', '59u9ezr2']
575	['be4afbyo', 'dgng39yd', 's19w1p2i', 'zc10b6j5', 'l9lni5d3']
576	['jfvq2gfx', 'z1y1zgo8', 'k2zrdjyo', 'yaedocvp', 'b9vm3x3w']
577	['lzgwxshi', '5al7jmeb', 'tffpan0f', '2a12nsnl', 'k36rymkv']
578	['yqx0xqz9', '7e0x1525', 'cutwvq3b', 'i2anrjmq', 'qj1v04cf']
579	['sygm6irl', 'dqhdws5k', 'trmwm9qq', '9aw78s63', 'qvj36vut']
580	['m8xfza1d', '4gr6i8rf', 'pta8enbu', 'k9xhphpl', 'aky3bja0']
581	['q1yn89cq', 'yx99yfdw', 'wnpmwne1', '1cvpw5hp', 'bzxa0ajy']
582	['s0374olh', 'cbhlzemx', 'vblfew3o', 'mgwx0u6x', 'kzkt3u1h']
583	['k3vs6vhz', 'wpabett8', 'ithv0k5k', 'cutwvq3b', 'jjjgu3n0']
584	['dlwwcryb', 'y6zisciu', 'h73m17lw', 'bzxa0ajy', 'nyvmlxqf']
585	['vbnke2q5', '5upb25gt', '1w3x0g42', 'tz2shoso', '47p4g80o']
586	['qub1i1bl', 'xzy98hm3', 'lwpvyy49', 'kugpzkyx', 'uaccs7k9']
587	['k30wvnx8', 'cj267zcl', 'ikon1ktb', 'dc8z4jzo', '8hvve871']
588	['vuzbni5m', 'trqezzj5', 'h13dq0x4', 'mumbnmgz', 'waerqfzu']
589	['0qy6hcgp', 'hcw0cisk', '14alhxc3', 'jz6o9gnb', 'cntmsia6']
590	['ximw03ej', 'u8mu4yga', 'h7ftu3ax', '7zngkwoh', 'jb455t9p']
591	['l4zku2e9', 'kgt61kcu', 'lgtpeqhw', '8hvve871', 'md0drb25']
592	['pwvcwlh8', '4ylmj9ub', 'vu8ao4pt', 'trpy9bbq', 'go0tueah']
593	['t006jnl5', 'wt6bp8os', '5tkyir3r', 'cpqeo65g', '4ehxnzc7']
594	['1v8xf5uy', 'vmmwtdia', 'dikrttn6', '376x58k1', '58r5wcwd']
595	['4vkkaqhz', 'fa05sovj', '6zjzy0ft', '6crputzl', 'apfimvix']
596	['sr9qxnu2', 's1dert6n', '2hkdhwaw', 'apfimvix', 'irhizn0b']
597	['ef3warsh', 'f96qs295', 'dhd9e9bn', 'y43prnko', 'nom4z0tv']
598	['ny7wkswf', 'uxz185vr', 'efbj3uur', 'i8jv5iqo', '0g3pro4v']
599	['vwh0roww', 'tpovr13h', 'j3b964oz', 'w7o2r4g1', 't5iz3vdz']
600	['11xjl53c', 'k0v1axmd', 'yy77zuu4', 'lbd6hn57', 'awfgfmx1']
601	['vf1vku8s', 'jrgeasqy', '5zn5mgi9', 'pc2cnhjd', 'ykxr9q1j']
602	['918wd3ez', 'bn0fegqg', 'fatm351r', 'on6ss822', 'ycklcks9']
603	['z77wg8j9', 'nvphu1fm', 'mo7oq5t8', 'iez1j9jn', 'myeiu66g']
604	['dgnddq80', 'kjf63oug', 'hvp47bm2', 'y7lrp0gc', 'lgnhlxgd']
605	['mzon01fd', 'hvp47bm2', 'kjf63oug', 'y7lrp0gc', '0lk8eujq']
606	['f80cfjrn', 'f3swmk24', 'w0ebmg16', '3fiqpart', '3h80bn0k']
607	['w0ebmg16', 'aakzdkcj', 'fj6l76hq', 'aoi4iqkf', 'kr22x6s3']
608	['di4p48ax', '1peg3502', 'fpexa30s', 'f4hj35dr', 'irhizn0b']
609	['hitaptnp', 'rhgl6vss', '36flecmg', '55wqowbq', 'cqv2cv9r']
610	['53zopedx', '7ycaloeb', 'scc9wee0', 'ukqhpm5w', '0h2x79ye']
611	['f6vau5s6', 'x84su3ki', '72jwlfqr', 'gk1avld0', 'mo3y3mau']
612	['llv66c9p', 'w7o2r4g1', 'dbwew1op', 's4cfdgbv', 'sniabjhu']
613	['ftjrg3dk', 'wd7drbky', '7yias3rj', '0vy5yifk', 'ylojjfri']
614	['mdsjbfmx', 'tnejo5wc', 'j1lhgciv', '66m524kj', '2w68g7cv']
615	['hg3xpej0', 'jrqlhjsm', 'styavbvi', '8t2tic9n', '3qvh482o']
616	['i6o608fm', 'q44yuued', 'lxbnwed0', '53zopedx', 'kkbed30m']
617	['pg50i2ql', 'pdiyqdb3', 'm26sn2qg', 'olhgu24h', '7momt81r']
618	['1l4o9pko', 'aakzdkcj', 'kn9lna4m', '5t16srpn', 'e0pz0z4j']
619	['ximw03ej', 'tmnfcs7r', 'del20ax2', 'ofgv3p8y', 'oxtvcoi9']
620	['lt7qsxxh', 'h1sura49', 'nxabdur3', '9avmlz30', 'pq85mvab']
621	['mrsya6wz', '7mcfehzc', 'ge8o93rh', '2146o727', 'ip9geldg']
622	['gg2swy7i', '9oui0l6v', 'k9erix1s', 'vadaxbsr', 'cz8lw23l']
623	['puu8wib8', '37hn7u3f', 'qbbwvyn9', '1r2uvoqf', 'dssikr5i']
624	['4vtad2ve', 'u89jd28e', '6a6tyvtz', 'u92ruhjj', 'c2mpraux']
625	['vu8ao4pt', '0nhgxoim', 'm40kwgcg', '6r1hy34r', 'q92unteg']
626	['gdcqu3nb', 'ks0zkp57', '3qtxnbb2', 'zkxrjk3p', '1nqbqmum']
627	['17km3arw', 'uhtwkkk3', '8pemlz7a', 'xmjj1s5s', 'f2ypnls4']
628	['cfhu5246', 'm39qdgey', '5y6gjl2t', 'z79gel8h', 'ybaxa1vg']
629	['hunepli1', '7o7v0ewg', 'jveh2w09', 'i94boetk', 'f2ypnls4']
630	['g17lp8ch', '4eak8e8l', '0clp6zt6', 'gtwg0m54', 'usyduiti']
631	['yj3yisum', 'duddd1u5', 'ch7nna59', 'g4250q6l', '5t4twnpm']
632	['6buxpp8x', 'fcdwitxy', 'ii3di3dz', 'jisznsr3', '5nsayxwc']
633	['o6i5ca7h', 'gfb11r1i', '4mp1iu55', 'z6elaxpc', 'r9qtzdvk']
634	['s3o9v1fl', 'whkfvd7l', 'dfhxcqr8', 'i9nchww2', 'tr2139vg']
635	['g17lp8ch', '0emibwp3', 'qi1henyy', '5nyc1cn5', 'l0b99hye']
636	['55lbj72e', 'jfjxujwj', 'cxqzo58q', 'f64tksb4', 'd9rd5392']
637	['pzqmg22v', 'n5ogyxz7', 'raw2mt47', 'wk61uyrt', 'lrgmyfjs']
638	['lnls2mhg', 'xuug2eyn', '45qyz490', '6d5tp5hy', '71ywsj3a']
639	['9pb2eqoa', 'mnjy6bq2', 'iu1d9i57', 'zl4ixyg1', '2f7wqamp']
640	['ezrarusj', '2q6qmex3', 'n9nu5n44', '6hkqe14l', 'k4lqkqnx']
641	['zueghgx5', '77m4rhrz', 'lgnaas6s', '45r6aieu', 'q8aee7g0']
642	['9oejm9sc', 'octtj2vf', 'wcq3qqt4', '8k2v0u19', 'ey0r1py7']
643	['eflyypev', 'mpe2qs0h', 'nlsv8bin', '3jn7tdaj', '69o6g1oe']
644	['nwb7qf9l', 'f9vxfk68', '1jtln8wc', 'l9lni5d3', 'pc2cnhjd']
645	['b3ui95vx', 'wrsk5vh9', '059oj76m', 'yk2th44f', 't8jlihgm']
646	['hpbcwiwf', '9h4zzo5q', '5g02ykhi', 'bzzln9kc', '35nshnn2']
647	['eflwztji', 'usr8hzcw', 'gzk9xbzk', '9mact9br', 'pkoux9yt']
648	['0h2x79ye', '5m23wtpi', 'vx1hjh26', 'lmzkseiz', '9mact9br']
649	['2sp8nm0i', '9dlaaye8', 'd7eshkim', 'jw42gokv', 'hib9l7yz']
650	['2v6zigt8', 'ivy95jpw', 'iu5ndsxn', 'roe6g61u', 'sywxrxmf']
651	['0rsbmh48', '5oy0q6ca', 'g0g84bqy', 'f0t5l7kb', '10v7kfcd']
652	['la2wvnb0', 'np1y2fkt', 'r5v2gi3v', 'xigbp7vh', 'sgo76prc']
653	['uyzalds2', 'ljpeq5aw', '65ois1qn', 'tmnfcs7r', 'qtzhfnr6']
654	['roe6g61u', 'nxu1xoax', '2v6zigt8', 'qeqd4soe', '14alhxc3']
655	['tuqp3ngs', 'opw9cmbe', 'egzlstrz', 'kjgyjk2g', 'jc5ik84m']
656	['en0obmna', 'yn2nnzh8', 'nuzt4jcf', 'jcueu1xh', 'rw3l8nk8']
657	['pdiyqdb3', 'pg50i2ql', 'ewf1z1ee', 'fo9uq389', 'tz2shoso']
658	['ml27mexb', '1l4o9pko', 'onlly1ga', 'iu5ndsxn', 'zqzs6vtf']
659	['3nf5bxv3', '8d0zb0lw', 'ereh4ub8', '0c03fjk5', '2b2evno8']
660	['x5m6u9pg', 'hkh1crxr', '29tcwijl', 'osrqh33g', 'iavvan2c']
661	['f2ypnls4', 'xeb14weg', 'lnls2mhg', 'cjfn4dna', '0qnvydux']
662	['tq2vdo88', 'zqzs6vtf', 'lvydhfej', '1l4o9pko', 'aakzdkcj']
663	['20xgqvxc', '5iudn4kq', '6crputzl', '4vkkaqhz', 'apfimvix']
664	['f97doeoj', 'hu2lg6i7', 'xp2qkk52', 'mgwx0u6x', 'azgerpo8']
665	['gln6e0t4', '33g2xvvr', 't0xn40r5', 'mpthhazv', '2cq5vpyd']
666	['ntra3jhs', 'u79trvqf', '9mvk86q6', 'ybxuykpz', 'yyfsnthj']
667	['j4p46aiv', 'tn8houmc', 'ifovibzi', 'hpj8gb4o', '8th933g4']
668	['in69fhw9', 'gjsrfmj4', '7d6snq1v', 'lhvgsmgf', 'dksw5yzp']
669	['r76tqrwz', '0r580il2', 'ax3e82js', '1l4o9pko', 'yr27lnq8']
670	['bfm45zas', 'lbrpbhpg', 'u6rt6zd4', '6a728le9', 'wi1slkpf']
671	['h7ftu3ax', 'x9sfgtim', '1s8jzzwg', 'ropgq7tr', 'sxi0tpsf']
672	['f6li7qil', 'vp2t4xkn', 'oa60fwht', 'byrpj1g2', 'ihlkhh2d']
673	['sywxrxmf', 'oqhmvpjm', '1l4o9pko', '9briyvuq', '9wnkmn27']
674	['8ko7mmu3', '1vcc1khg', 'mja2qlpk', 'ljpeq5aw', 'x9sfgtim']
675	['k5jkntul', 'bre2ijbb', 'bccrvapy', 'q93luiw2', 'ktm0akxd']
676	['lfo6otkc', '0retx7ty', 'dfl69g4f', 'o47v5vgw', 'o877uul1']
677	['0aik5i71', 'lbkjxws4', 'zsygn29p', 'wnlroru3', 'ko42qlzr']
678	['g17lp8ch', 'h7ftu3ax', 'vvmb92wo', 'x9sfgtim', 'usyduiti']
679	['52jtd51o', 'sgo76prc', 'r5v2gi3v', 'la2wvnb0', 'np1y2fkt']
680	['16qdfits', 'i57f9ayv', 'okabnt0t', 'emg87q94', 'y8boml8i']
681	['veeavho5', '8hkxbxz9', 'mwj0xc3q', 'samf1kwn', 'm5udbs4f']
682	['1gbq9j88', '49jkx2hc', 'm8yyntls', 'sbjwaj3y', '998jcj18']
683	['wjktna81', 'ijoyk390', '9kk8pevp', '6hkqe14l', 'jveh2w09']
684	['v4y49n7i', 'hbyxy4ln', '4qp083h4', '94w1sbsb', 'k2qertx2']
685	['o8lasxcb', 'vc6j8ao2', 'wtxhbzr9', '0n51j2jo', 'q1mq5f2t']
686	['me08w1ir', 'td8uwcas', 's2vckt2w', 'jbvsmuea', '05vmhjjp']
687	['vmizkujc', 'v3kzly7z', 'c9fg1ni6', 'y98bleop', 'bh8zshy9']
688	['uo3ww8j4', 'wu5lm2zd', '0qtbhr54', 'bdvnwrd4', 'fup55b95']
689	['ppuki7qn', 'eo89w6qp', 'f60z8jo2', 'fo815n5l', 'x924tb4t']
690	['j7vm8h9t', 'x996e0cn', '5g8u35f8', '9ex61dl5', '0iqdqcp6']
691	['zecuhkcd', 'yi2m5ukw', 'ucmzbezx', '56m1r1z7', 'wtovv1jy']
692	['r7kvv48s', '0iqdqcp6', '5g8u35f8', 'foy3dsq4', 'wdfzrzkt']
693	['pcekcvwr', 'ahpkmffy', 'tloczjn5', 'akdg2ljo', 'o0m20894']
694	['k7smwz6w', '3xzivp7d', 'b0dzhsrh', '93y40vnp', 'ohyvuybc']
695	['4cy3er3y', 'io8mozoe', 'tdxrx9se', '5eo7wfle', 'lj74054o']
696	['zecuhkcd', '9ljou3ag', 'ucmzbezx', 'wtovv1jy', 'yi2m5ukw']
697	['h1ncnt2c', '8wqii0nd', '5a5a8ifz', '82y56t7d', 'orddpgl3']
698	['kdxoyvsv', 'edsrpgjo', '0pptqw7o', 'akbq0ogs', 'hmkqnply']
699	['2e2s1gof', 'pdd5wepz', '2qcuygax', '0retx7ty', '0pcgcbjw']
700	['4et61my3', 'ruegzkoo', 'rr0v0ju1', 'maqo773b', 'xmd8fh95']
701	['vrhrc7v6', 'vygvs1x3', 'f72i7wxu', 'qv1xfrg6', 'acjs9bm9']
702	['y12veqre', 'pzqmg22v', '36flecmg', 'otp1atui', 'yr27lnq8']
703	['jtwb17u8', 'iobpcfs5', '944pn0k9', 'f1ckv4bk', 'ch7nna59']
704	['4unn3fmu', 'g3hujz5o', '5351oj7i', 'wk3fh9ke', 'hxbi0ofg']
705	['f3j0g82b', 'lsiy3quw', 'sb3y2w6c', 'p703e396', 'wzz5ioek']
706	['9bhi3rqu', '7fua7kgs', '3lfmmfp2', 'eo89w6qp', 'ppuki7qn']
707	['wq4jsc4x', 'llcit7x2', 'b9evh1l2', '2vs7geu6', 's96b0s76']
708	['dccymlie', '7xb7hj9u', 'ftxgcgkb', 'li8kvzdh', 'c5be70t6']
709	['ivy95jpw', '2v6zigt8', '14alhxc3', 'xnrb0byz', '3kde69wy']
710	['f96qs295', 'vndj6f7w', '2tre0wat', '33wqmdnk', '2bpyvgv7']
711	['n6lwnct5', 'xcomjvaa', '657acgl4', 'k1uvqaaa', '2a12nsnl']
712	['208w0eyz', 'p703e396', 'nuzt4jcf', 'en0obmna', 'f3j0g82b']
713	['nln6pl3h', 'ouno4jpl', '6e444g2z', 'bw6a5gmy', 'fm9mdllg']
714	['4gr6i8rf', 'kjd2t69f', 'tzp03hmr', 'm8xfza1d', 'aky3bja0']
715	['n3swuykg', '5rsxnrdr', 'gvn2v6rt', 'y1ob8tcq', 'l0l2ev29']
716	['3jn7tdaj', 'hia647nr', 'lpar7tc8', 'toj6eqs2', '7o97t2t7']
717	['f6i46t3h', 'edz3up3a', '41uuzzpg', 'yl7g2vlq', 'z3ktkgyp']
718	['tmonjdrp', '38paoyuc', 'wtxhbzr9', '1lggbkly', '35xqlryc']
719	['n3nwra0o', 'kfbrar54', 'r5fdn7uz', '4c7ug40v', 'grccu4kh']
720	['dx53hxej', 'xkquwmv6', 'na3c21pf', '5s1zz2lm', '0y4f1sgn']
721	['o29hjkca', 'lgptgv72', 'nqahx56j', 'vjpf1fk6', '93b2ivio']
722	['n5qfwl57', 'md0drb25', '8lzpz58y', 'ivug325f', '9tvjfgtn']
723	['47d0wl98', '2zbm4iwn', 'ow39tpxn', 'bdvnwrd4', '8vnsrvws']
724	['pscw933i', '3otvtwbb', 'jgs4jszx', 'x5w0fl5w', 'idtt3frp']
725	['eywnnzxe', 'byw8jsqv', 'a0dvzhc8', 'haxdc30r', 'r5v2gi3v']
726	['y14lw5b2', 'sijfzd2o', 'unl3n0tn', 'gtp5daep', 'y6zisciu']
727	['l4zku2e9', 'kgt61kcu', 'lgtpeqhw', 'dc8z4jzo', 'md0drb25']
728	['r1m709hb', 'uqeikj0m', '25bdifv6', '6akx6xpt', 'supf8vel']
729	['8xf8u6bg', '9enbrd6h', 'b1g23kz1', 'qv1xdqau', '4c7ug40v']
730	['aakzdkcj', '1l4o9pko', '9wnkmn27', 'nz976qc6', 'qeqd4soe']
731	['4vkgn3yt', 'jfdrqkvr', 'rog2h4g7', 'x51jorbm', 'm4fcw7lk']
732	['4socpj73', '9colibhs', 'xeb14weg', 'fety7g0q', 'f2ypnls4']
733	['pb25lrnw', 'ydh4ve24', 'yaedocvp', '9uxazk87', 'ocxl6cf4']
734	['fjzhe9tp', 'tx2dwo04', 'e6miaabh', 'mlozjg9h', 'nok0yfzv']
735	['35nshnn2', '5zaw2iot', 'lq1qndxg', '3w5ouagx', '5g02ykhi']
736	['b0wy5zz4', 'y349r3r6', '1k0qpuys', 'tvhn7lnu', '582ts5mf']
737	['egn81atf', 'et3c99w0', '9wx4ltyd', 'awfgfmx1', 'g4hlvnmq']
738	['ashxoaav', 'wijqiktk', 'oa5yvpn7', 'q3yt3udf', 'xui25c83']
739	['iid4bnvw', 'jlqpwfwm', 'g4i4hkhz', 'tv014ubp', 'jeyo5qs9']
740	['drto66xt', 'rwevmwcr', 'x64zft78', '9g547s2n', 'jn1w8h2p']
741	['ucmzbezx', 'xee6npr3', '0retx7ty', '0clp6zt6', 'fytashvs']
742	['sgo76prc', 'td8uwcas', '05vmhjjp', 'b5eve7re', '5zaw2iot']
743	['io8mozoe', '4cy3er3y', 'pm9cl9ps', 'lypptk1l', '90323yzn']
744	['tfpa12kr', 'cvkdpnn3', 'zmkvs7e7', 'k4lqkqnx', 'yz8rtmc4']
745	['ivy95jpw', '2v6zigt8', 'hcw0cisk', '0qy6hcgp', '14alhxc3']
746	['du7ba2ky', '3r418rss', 'tcaglk0u', 'f0t5l7kb', 'oxa5gcxj']
747	['186wyg7t', 'iu5ndsxn', 'onlly1ga', 'sywxrxmf', 'roe6g61u']
748	['92ljfia5', 'l2i3aa3k', '3jn7tdaj', 'wcq3qqt4', '1m1hi735']
749	['j5b0f3uk', 'vqswp96l', 'xfqst9fl', 'w49i0xkz', 'ec3pmvih']
750	['52lf5gzr', '6rpm4phy', 'ueh60bz2', '1qwq3jme', 'eo89w6qp']
751	['oaq5a5i3', 'jveh2w09', 'tdxrx9se', '6hkqe14l', 'xl1e9gzc']
752	['t4y1ylb3', '7a543f7v', 'irhizn0b', '5zhjn3u2', 'z6elaxpc']
753	['r7aqsyfl', 'kff7ho04', 'qa1tbu6t', 'ssdqobqb', 'dkfohub3']
754	['ngbnnpni', 'd7c6l97j', 'qlwergum', 'frr4vu0w', 'z5jbjx59']
755	['ny7wkswf', 'uxz185vr', 'hg3xpej0', 'jrqlhjsm', 'klh90lvp']
756	['sxi0tpsf', '1s8jzzwg', 'wq92nfnd', 'x9sfgtim', '8ko7mmu3']
757	['zq4ty9rw', 'yrhb6ktc', '4hdj6mtf', 'qqdcs77q', '1tmqe3xf']
758	['li8kvzdh', '121p2shq', '6hl6rtsh', 'c5be70t6', 'pjh2lr22']
759	['nnkul2r2', 'g0za5fqi', '8s7zy55f', 'kd3as3b9', 'cc23zega']
760	['onjgfr4j', 'a45f2qtl', '8pdlynuo', 'uohbxoeb', 'gh6bizzh']
761	['est5jx7g', '2kd89h12', '8nil3u2k', 'gom8sh8v', 'lnzt3h1p']
762	['gha1wg4w', 'u2kjft6q', 'd1p8zo23', 'vhjzjdou', 'ko42qlzr']
763	['2uidarm3', 'fnok2eoj', 'b1s3ubm1', '1l10diya', 'gw9hkw00']
764	['y12veqre', 'jisznsr3', 'pzqmg22v', 'z22g03v4', 'ii3di3dz']
765	['81fv8lzd', 'dikrttn6', 'vl7eqzu4', 'vh3qs9xv', 'is9a77dk']
766	['ohfi48d6', 'o7ww2prj', 's9lkvzpo', 'cgc0v1dg', 'ewb09f5h']
767	['ximw03ej', 'tmnfcs7r', 'del20ax2', 'ipblyab0', 'gbf8beq4']
768	['dksw5yzp', 'urj0nssb', 'f5ehif2w', 'pfbgojxr', 'ks0zkp57']
769	['ufzjvdho', 'jo489zm2', '5g8u35f8', 'bw6a5gmy', '05djnz4p']
770	['164yx77a', 'u30uz8sk', 'eml8uilb', 'nln6pl3h', 'd78zcfls']
771	['f2jzz41d', '1nk1t5qs', '92tvskxw', 'pm9cl9ps', 'jveh2w09']
772	['g3hujz5o', 'duwr9b5b', 'lvbutmio', 'wbk363w1', 'rv26qfmf']
773	['l5nncxqo', 'v7ckvxjp', '0jm3j3vc', 'e7ntocgf', 'mio282vy']
774	['sgo76prc', 'e8az2cw3', 'f3mvdpq1', 'b5eve7re', 'sykjpaz2']
775	['8gl323hs', 'hnj1jqr1', '0oq0xmzr', 'dcli6uaq', 'hfk8nikl']
776	['1s8jzzwg', 'pu12u627', 'f96qs295', 'l4y7v729', 'w0ebmg16']
777	['5yscqct1', 'vm1o1cel', '582h1w0h', 'hbkl5cam', 'l19nsvun']
778	['95e1kuux', '52x62y5l', 'fxvro3wl', 'jrgeasqy', '1r9975o8']
779	['rbgoabfk', '5aev7ltr', '3ncm8iwb', 'pb25lrnw', 'lty6oq3d']
780	['ttpbs13r', 'dx9hez38', '4ztasd7r', '5vx2ylui', '0u4nmrq4']
781	['ny7wkswf', 'uxz185vr', 'rthsl7a9', 'ffy19pp9', '3i82sxk8']
782	['6msw06fb', 'fg9cy17k', 'rpjg4a9i', '0qtbhr54', '6akx6xpt']
783	['m2id6kxw', '73oe5as9', '6r79qt66', 'ok33bqqg', 'cy8vyb6j']
784	['mkgszhkk', 'rj9k9awy', '30pl5tx3', '1zuhilmu', 'ic2h01gm']
785	['n4kke717', '3jrb0sn8', 'zew4tzy7', 'zu07vbc4', 'r4dgrxel']
786	['ajqbljai', '8xvqq5eh', '02bk8vtk', 'swaf5pao', 'birrxj48']
787	['s0w95qdn', 'jtwb17u8', 'e85xdrcw', 'tvzn0112', 'iobpcfs5']
788	['755ym7vl', 'lrqt2gcw', '9e3mxt1a', 'd0nj3fsa', 'wt6azxc1']
789	['4cqf9v2v', 'tlr243il', '58r5wcwd', 'btao9cun', 'geo7ac5i']
790	['9svrz0vj', 'yu2qzp18', 'uazqkay9', 'bzn7wd36', '4vq9ljlg']
791	['6j9x3pn5', '7ddw02f7', '48ay8yl3', 'hwpn7ti1', 'm89wmmxd']
792	['3otvtwbb', 'lpoxaetv', 'opckeugf', 'wuazkwsi', 'jgs4jszx']
793	['fw211spn', 'nles7ymd', 'u95kg3m0', '0b1dbz6q', 'yfoxndf3']
794	['43ocdbp5', '1b5hb0g9', '1315iz0v', 'nmmayjcp', '8p0j9nvq']
795	['dsfbmhbj', 'ecro0w9n', 'bh8zshy9', 'xvpn9dvf', 'gjsrfmj4']
796	['ximw03ej', 'u8mu4yga', '9pb2eqoa', 'iu1d9i57', 'w3ls1d7w']
797	['1gv3t5t0', 'pofysmv8', 'edsrpgjo', '7hporv6w', 'akbq0ogs']
798	['mnjy6bq2', '0cnjtxyq', 'w2c01295', '2f7wqamp', '9pb2eqoa']
799	['hb3wcm04', 'm45teajz', 'd3530i86', 'wjktna81', 'k8xp61uu']
800	['lrgmyfjs', 'otp1atui', 'wk61uyrt', 'dt7hip0z', 'ii3di3dz']
801	['wnm89gfo', 'wz6446aw', 'n3yuvf8v', 'pq571myy', 't90pvtad']
802	['sgokzw5i', '7ru6tapp', 'dwgxrbag', '5azti19e', '7fociv5v']
803	['ub3kjqkv', '4mjrpjit', 'taz8f384', 'nosh8awp', 'hws1e4tv']
804	['g17lp8ch', 'ximw03ej', 'upiu3e2d', 'xtmn1n0r', 'x9sfgtim']
805	['5esyjt0l', '8mmau2lz', 'tafg1xoo', 'z0p4f7tq', 'z0ni4cyl']
806	['2kh4iw8h', '9mdf927z', '83re9176', 'j41c15mw', 'ipon95io']
807	['5rsxnrdr', 's7v66pvg', 'getnq0ek', 'faue5ywu', 'r4yukmwe']
808	['v29jmh6s', '1n5750hi', 'h2sryzwn', 'g5h4tazp', '4hmecfi0']
809	['j2t0ofgt', '2xjv2fb6', 'r69ivrej', 'if4c0h8a', '9enbrd6h']
810	['rr0v0ju1', 'evf9nz05', '5hpbjkft', 'oo6ba081', 'lf6fprh0']
811	['80dfqjql', 'k9xhphpl', 'tjplc5j6', 'gwaqh4dd', 'a4kjk836']
812	['xtmn1n0r', '1s8jzzwg', 'h7ftu3ax', '844229sb', 'xtraspw2']
813	['jisznsr3', '195h4ofw', 'ktwazcrd', 'pzqmg22v', 'iimx8nt8']
814	['n040i865', 'ylqpkosd', 'grccu4kh', 'extp8epx', '0clp6zt6']
815	['ngbnnpni', 'frr4vu0w', 'd7c6l97j', '4hmecfi0', 'z77wg8j9']
816	['ybpev0vi', '43fwrlk5', 'crqqrtj9', 'jcp3u4mf', 'zjbyz1vy']
817	['q4m2uj6r', '5dbuxvc4', 'car394ou', 'p6uliadr', 'kmwfce00']
818	['gruir7aw', 'dfyshke7', '9f5i6crg', '0retx7ty', '4ylmj9ub']
819	['rbgoabfk', '5aev7ltr', 'llow5xll', 'j0bu0upi', 'jzosdlu7']
820	['8xrccucr', 'c5fn8t7f', 'z22g03v4', 'fasjkg7r', 's1hmhupe']
821	['e1macqqm', '9oui0l6v', 'kfn2q7wt', 'i8byjktt', 'p297b5oh']
822	['eje3i558', '38d6gb7o', '12th7nja', '9mvk86q6', 'sdij1d90']
823	['eef8mem7', 'vpz3o29f', 'ac9n08nx', '0qyhjutm', 'sdtr6yla']
824	['vge26qe9', 'n2wqalcu', '0iqdqcp6', 'wdfzrzkt', 'foy3dsq4']
825	['s23d5pns', 'mt61b7o7', 'd7tk12u2', 'jf9whlu7', 'puu8wib8']
826	['9kk8pevp', 'jveh2w09', 'yn7e3do9', 'xq525smx', 'acjs9bm9']
827	['5azti19e', '3kde69wy', '6pn9jwfn', '6hl6rtsh', 'ftxgcgkb']
828	['zoipx650', '675v58x8', '195h4ofw', 'y12veqre', '36flecmg']
829	['dgnddq80', 'su41e4vo', 'j6vs6izt', 'y7lrp0gc', 'myeiu66g']
830	['i3jsvtwp', 'qbj8n8h6', 'fynl88p5', 'gtp01rna', 'bcttenl4']
831	['g1zce6p9', 'wmocjiwh', 'c9fg1ni6', 'bh8zshy9', 'utak6i4e']
832	['v06kyana', '97vw83zu', '6e24bliq', 'kugpzkyx', 'ohqr1v13']
833	['7tqxng6p', 'snxjuzta', '8e9f9ssj', 'grccu4kh', 'y42gcbj0']
834	['g4hlvnmq', '86qczmbt', 'kff7ho04', 'vmizkujc', '2dixw8up']
835	['1ad18z11', 'j2t0ofgt', 'z3o3ib2f', '2xjv2fb6', 'mumbnmgz']
836	['n311ptne', '3mvia5c8', '05vmhjjp', 'njgbom98', 'np1y2fkt']
837	['a9prti0f', '0u4nmrq4', 'wnlroru3', 'ttpbs13r', 'ofw7lnr5']
838	['qeqd4soe', 'fq5nayxt', '3m9yonqe', '9wnkmn27', '1ov3eydq']
839	['y6zisciu', '4vkkaqhz', 'wubcq0xx', 'apfimvix', '5nr3j1ew']
840	['hxbi0ofg', 'l6bnxi40', 'whnyjf5d', 'hh17xv2g', 'b1g23kz1']
841	['6lsgwvsv', 'i94boetk', 'hunepli1', 'o1xsjx2p', 'rc5d6wi3']
842	['dh3zqjbz', 'cvxni7cd', 'cs2mgj70', 'lj74054o', 'my2fyqp7']
843	['sywxrxmf', 'oqhmvpjm', 'nxu1xoax', 'ivy95jpw', '9briyvuq']
844	['k2jzadwq', 'ydh4ve24', 'kdxoyvsv', 'ztxfa5b8', 'n3yuvf8v']
845	['5rsxnrdr', 's7v66pvg', 'ptn9ntoq', 'y1ob8tcq', '1fx7x8af']
846	['04vbjlab', 'k9xhphpl', '80dfqjql', 'a4kjk836', 'vwmjf326']
847	['jkm496ip', 'gw1pr7fw', 'pp6ktvv1', 'zdfx3zo3', '6hhauza0']
848	['vbx8khih', 'vgmzb03s', 'zsra2yz3', 'b8ipstv2', '0o3wjvpx']
849	['jisznsr3', 'pzqmg22v', 'y12veqre', 'iz74o9de', 'yr27lnq8']
850	['dgnddq80', 'su41e4vo', 'y7lrp0gc', 'f6nrqr1f', 'sdij1d90']
851	['r58aohnu', 'j8p970p8', 'z479u0e3', 'h3tor88n', 'zycgczqy']
852	['tp7wthiv', 'so6irh9b', 'lclxe7i9', 'tk0iwpnb', 'n4hw9cvo']
853	['m2id6kxw', '2tax8ajw', 'kjd2t69f', 'ydcu8f2k', 'di4p48ax']
854	['y40s45iv', 'lclxe7i9', 'fq1am5na', 'so6irh9b', 'ssdqobqb']
855	['wgpty5w3', 'sr06ejmv', 'hruge79z', 'zkb1zbvq', '387spphe']
856	['aakzdkcj', '1l4o9pko', 'zqzs6vtf', 'tq2vdo88', 'd21lvneh']
857	['pm3ck1gk', 'aawjla6h', 'svi7syld', 'jincu9xx', 'hf5k04da']
858	['56rn6d6o', 'fqk8rmiy', '08bw0h8m', '8acldtv2', 'f80cfjrn']
859	['ok9o9tta', '1y79i676', '10l6kx3e', 'qe8mxow7', 'r4btmprw']
860	['tp7wthiv', 'vhjzjdou', 'wt6azxc1', 'so6irh9b', 'qp34apct']
861	['8iqs6jko', '2rx84imv', 'bmmdygbs', 'w0ebmg16', 'dxrltm25']
862	['sdtr6yla', 'k0eheo71', '0qyhjutm', 'eef8mem7', '7mc4dq6p']
863	['9h74xlvv', 'vabb2f26', 'ouvq2wpq', 'vs6ev73e', '3l6ipiwk']
864	['8g70j0qw', 'konern28', '5yi8lm2e', 'yo2lpdi4', 'ylqpkosd']
865	['zuc538yd', 'ygn9oiir', 'eknllnci', 'ivy95jpw', 's7sq53zy']
866	['stew8m7u', 'uitc2tru', 'js91utss', 'rjjc30lc', 'vuxxerob']
867	['mxg2q1vd', 'q1nye2ih', 'wt6azxc1', 'e4xw6gyp', 'oaq5a5i3']
868	['wk61uyrt', 'flqdf8vd', 'lrgmyfjs', 'y1uk8yfa', 'dt7hip0z']
869	['y12veqre', 'jisznsr3', '8gl323hs', '36flecmg', 'u31ixcwa']
870	['qyj6y9jc', 'oo6ba081', '38d140wp', 'hh7lccet', 'plpwjj4s']
871	['wdfzrzkt', 'foy3dsq4', 'vge26qe9', 'hw2s28hs', 'ngywgodg']
872	['r58aohnu', 'ykxr9q1j', 's2hp3sat', 'jgq968f6', '1zuhilmu']
873	['dt2pew66', '30pl5tx3', '8of3u2sc', 'zycgczqy', 'opjfy3xr']
874	['1vj9p7vm', '7lx4w75b', '195h4ofw', 'pzqmg22v', '3jnhboif']
875	['yr27lnq8', 'm847xdzk', 'j0uojajt', '2u5zxc2i', 'ktwazcrd']
876	['844229sb', 'w3ls1d7w', 'bmmdygbs', '4eak8e8l', 'umvrwgaw']
877	['wnm89gfo', 'g4hlvnmq', 'mg9kypvn', 'vmizkujc', 'wz6446aw']
878	['6a8j7hjt', 'e49rdu76', 'mcw3ir3a', 'b870ftnq', '9anlwi27']
879	['05vmhjjp', 'k457kqlo', '6mzqk12f', '5lqjmqu5', 'b5eve7re']
880	['376x58k1', '82y56t7d', 'ocl5qf9o', 'jbs3d5xo', 'hsm75cww']
881	['8iqs6jko', 'x7ffgtrd', 'ewg9d4ei', 'dxrltm25', 'vpqwkmlv']
882	['45y7jepy', '64l9la82', 'l0p7kci7', 'z9ezgcua', 'xlczcgfy']
883	['dgnddq80', 'y7lrp0gc', 'su41e4vo', '4ckob7b0', 'myeiu66g']
884	['dhd9e9bn', '0mwz8kwo', '1s8jzzwg', 'w1bx4a7v', '9ezhwvv9']
885	['v6w9mlsa', 'nc2sh98g', 'a7frertc', '1n5750hi', 'bn0fegqg']
886	['6oicmeam', '7ddw02f7', 'wmocjiwh', '8fkzc445', 'l375v2my']
887	['tdlcb9bf', '5o9bbspc', 'iali360u', '12th7nja', '195h4ofw']
888	['dsfbmhbj', '265cgz94', 'plwoof39', 'yaedocvp', '5av8aqb4']
889	['sgo76prc', 'b5eve7re', 'y04dub8o', 'lq1qndxg', 'td8uwcas']
890	['lsojoa7c', 'msb6wgnv', 'yz8rtmc4', 'yx99yfdw', 'mttosjh7']
891	['8ufjh70o', 'i6o608fm', 'fgj2lvbg', '0cazn46i', 'q44yuued']
892	['vw3cuiof', '1kubts7j', 'h8ej5w6j', 'u89jd28e', 'tmnfcs7r']
893	['nvphu1fm', 'iez1j9jn', 'xzn11n74', 'hbyxy4ln', 'sdg65ple']
894	['ebgu29uh', 'hp62t734', 'vpoqfm7d', 't13pehgc', '97msfh4l']
895	['j4pgpxoe', 'spohl5ey', 'pmd78j61', 'ddwrvlc9', 'qbjrlog1']
896	['4vkkaqhz', '5nr3j1ew', '6crputzl', '20xgqvxc', '5iudn4kq']
897	['bidvx8hy', '1oatq6x0', '05lgp662', 'vnyly6uy', 'qqdcs77q']
898	['dfl69g4f', 'mqnqjn0c', 'xl3519jo', 'a793bgc1', 'bs5hcx6l']
899	['f5s0ntps', 'm1bvurwi', 'a451243b', 'n3yuvf8v', 'q3db7v16']
900	['rhgl6vss', 'hitaptnp', '3r418rss', 'z9jqbliw', 'ay7gv9lv']
901	['5g02ykhi', '7wz030vg', 'pbb9nrba', 'duqgd4gs', '3z9ubx09']
902	['ocxl6cf4', '1fdnbq1f', 'ecro0w9n', 't1ughb9b', 'yb9uyov3']
903	['4vzdk69c', 'zecuhkcd', 'zmkvs7e7', 'pggf4wyo', 'h4kc04w0']
904	['jisznsr3', 'iz74o9de', 'sm0112e3', '0oxo2awm', 'y12veqre']
905	['yjsxen4d', 'pibg1iw7', '76aij6sx', 'vegaicq8', 'gln6e0t4']
906	['ucysxk5c', 'yr27lnq8', '7nssge06', 'ujy4i5uu', 'm847xdzk']
907	['46no7uq8', '6xxm7hcs', 'sz5fr79q', 't4os33em', 'jnmpyovl']
908	['t3b2adct', 'ywusapij', '7as9f1n6', 'x6m7yq65', 'pkimbhz9']
909	['s3qkscw7', '918wd3ez', 'ipon95io', 'ycklcks9', 'fatm351r']
910	['nerxtetr', 'qhrwngde', 'hg0lyy93', 'fu61afkg', '5jl2whuu']
911	['rytzyf1j', 'a7frertc', 'xd292vld', 'ismkry9r', 'lq580iwg']
912	['uohbxoeb', '0bh8i14e', 'x7ybnese', 'bzeqs5oh', 'a40yhtqk']
913	['qnuphz59', 'jwei2g97', 'jlnopr1j', 'yrxgaiy7', 'dcfqvp4p']
914	['ii3di3dz', 'jpenhh92', 'zu5mg2im', 'e0pz0z4j', '36flecmg']
915	['tmonjdrp', '56zhxd6e', 'z479u0e3', 'xchvlphf', '2b2evno8']
916	['4pgish5x', '08p8ns2d', 'ki93iltt', '0loj2fsm', 'qowp861l']
917	['cvbxv7h7', 'ruegzkoo', 'v8ujnrbi', 'v5eth1m3', '7hh0pffh']
918	['bqdvx458', 't6vojtu8', '8hkxbxz9', '34eot3zh', 'vdgu6h0a']
919	['fnedip6k', '1pbo1qlb', 'lf6fprh0', 'mwaegtlx', 'xrgb9pve']
920	['vg96f35h', '35yl70z8', 'igm2qr4p', '4mp1iu55', '8lyipugh']
921	['5y6gjl2t', 'tdxrx9se', 'z4s7u17l', 'pq3n18ae', '4cy3er3y']
922	['znpc5jq2', 'lorpo8uk', '32z7b3fp', 'rgmurgbf', '8gh3q7p3']
923	['9n7bkayx', 'mlo8zypy', '4hdj6mtf', 'maxbdi99', 'ldyumgm9']
924	['tu1vevx9', 'go0tueah', 'y0wu60n4', 'eecwjrdc', '0njeeoc3']
925	['sgo76prc', 'ngpl6xs1', 'e8az2cw3', 'mlrq0rjf', 'b5eve7re']
926	['h4cu63cm', 'uj0k84vk', '5aev7ltr', 'acyexmyq', 'hn6clwoj']
927	['rcb943w2', 'amw2c96l', 'dkfohub3', 'qa1tbu6t', '0pptqw7o']
928	['41uuzzpg', '0d6sa9pe', '7lhoq10e', 'yt7uqvno', '0mwz8kwo']
929	['7ddw02f7', '6j9x3pn5', 'cnir3fx1', '7xnga86x', 'yx3j6373']
930	['kyt14ufu', 'n3yuvf8v', '7fua7kgs', '9bhi3rqu', '1tmqe3xf']
931	['tnejo5wc', 'fiiyythk', 'mdsjbfmx', 'rtp9j01c', 'j1lhgciv']
932	['pbb9nrba', 'pj7no3fe', 'dyxyab5g', 'zuz2992q', 'rv26qfmf']
933	['06yuz5pn', '3kjckx8o', 'wt6azxc1', '9xxv8a2d', '3nxmw97e']
934	['q93luiw2', 'ir20eiqr', 'bre2ijbb', '0z7ey1nm', 'jn2omyez']
935	['94w1sbsb', 'hbyxy4ln', 'wz6446aw', 'mg9kypvn', 'nns4mkkv']
936	['ekgqdjlk', 'd0nacth6', 'bhleyzhc', 'ko8lyoob', 'rw5bci0y']
937	['z22g03v4', 'sm0112e3', '5nsayxwc', 'wmpjfc02', '0lk8eujq']
938	['xchvlphf', 'ch7nna59', '7tp8z7n8', '1zbsbcdd', '6hl6rtsh']
939	['zqzs6vtf', 'tq2vdo88', 's0ca1r5s', 'belhjr5e', 'ml27mexb']
940	['gtp01rna', 'xvphsdg7', '6j45mmjh', '6a728le9', 'ge8o93rh']
941	['cwm0bsov', 'uka69z83', 'faj85qxc', 'rnq3k34m', '6oicmeam']
942	['n5c0hcwn', 'ydh4ve24', 'kdxoyvsv', 'vxf2jexb', '3cr97dii']
943	['ro3o27pv', 'gobik7kl', 'npe81wc8', '611ih9pl', 'gywxvzm6']
944	['nxu1xoax', 'onlly1ga', '1l4o9pko', 'aakzdkcj', 'zqzs6vtf']
945	['0u4nmrq4', 'eauj21v4', '500ypv61', 'l57v4wnr', 'lwpvyy49']
946	['7hporv6w', 'wt6azxc1', 'ub3kjqkv', '4mjrpjit', 'ydh4ve24']
947	['t9e774ed', 'a3efmczu', 'ktymj1no', 'qy4gsvac', '9mvk86q6']
948	['7qxs79qy', 'mp1z0269', 'xzn11n74', 'f0vofkmx', 'ivy95jpw']
949	['65efipbi', '121p2shq', 'lpbb4rga', 'c5be70t6', '3kng7qea']
950	['r6943zpb', 'k30wvnx8', 'gg5c8v7d', 'b7llp5r7', 'u42d1p1j']
951	['xcsl2evz', 'mw0wb8a8', 'j99cgsjt', 'dnxhtbxn', 'bawgldfi']
952	['ruewzstg', 't4y1ylb3', '7a543f7v', '8l5i1z27', '7wu8bfo4']
953	['00ia8k0b', 'hg3xpej0', 'jrqlhjsm', 'qe8mxow7', 'ktv6fk7q']
954	['ftq6ed38', 'rv2padg9', '74279s3p', '6hkqe14l', '4cy3er3y']
955	['9b6cepf4', '33wqmdnk', 'wzqdo1st', '8e9f9ssj', '2tre0wat']
956	['5aev7ltr', 'lty6oq3d', 'rbgoabfk', 'b5yrfllu', '26kx1b0h']
957	['jmdrupds', '6pn9jwfn', 'iff8cuum', 'pjh2lr22', 'udtoutew']
958	['cwekmw1a', '855atuue', 'mxg2q1vd', 'ko42qlzr', 'b0wy5zz4']
959	['hn6clwoj', 'zbi0llig', 'bzeqs5oh', 'oyr4klqk', 'u0jddsup']
960	['fu685z9a', '9kfs73sr', '4pyx0xps', 'h9nzxlaf', 'qh6fqna8']
961	['uitc2tru', '5xfgmi2n', 't4os33em', 'vuxxerob', 'y5a9xtr5']
962	['jbvsmuea', 'xegy9krj', 'lby3xhmp', '6nt6msrm', 'bzzln9kc']
963	['wcq3qqt4', 'iu4p5k0w', 'ey0r1py7', 'ai60maqz', '1m1hi735']
964	['59u9ezr2', '6hl6rtsh', '0nhgxoim', 'ohyvuybc', 'fatm351r']
965	['nnkul2r2', 'g0za5fqi', '8s7zy55f', 'h13dq0x4', '9tvjfgtn']
966	['bpu3hpbn', 'vymre7uv', 'x9veckdi', 'v1egyqt4', 'ueid1mma']
967	['h9i67wbp', 'ixvtt3g8', 'k7sg7gzd', '4rsvcbnz', 'cj7ygzfy']
968	['xavegbty', '9miesbf1', 'hm332jqo', 'h2sryzwn', 'hbkl5cam']
969	['lehzj4d8', 'aqutzlx4', 'hkopopa6', 'io6f6z3l', 'l4frxzji']
970	['aky3bja0', 'ej9qbrt8', '4gr6i8rf', '4hog76lx', 'm8xfza1d']
971	['08u566ia', 'psk1lnff', 'ihgxtu8g', 'pxx5yyc5', '3c1fujrd']
972	['2scp98u0', '8anqfkmo', '02t7jcbt', 'cpp2l8n5', 'trrg1mnw']
973	['3l6ipiwk', 'fiicxnty', 'qh6rif48', '9h74xlvv', 'ybwwmyqy']
974	['zbr3kfv2', 'rxx0w56j', '550ik6bk', 'pkoux9yt', '8rvhqd9b']
975	['hb2lieh3', 'qxwjpv40', 'bs5hcx6l', 'i55203bt', 'uddwc4tu']
976	['0ho4f5wg', 'hzv51czu', '8wyfvk1k', 'v4y49n7i', '9exmyy5a']
977	['7qz1o6aa', 'i6mdlf36', 'mg9kypvn', 'wz6446aw', 'ssmw2jef']
978	['8o2xddof', 'xnrb0byz', 'mo23hpe1', 'fub50lvt', 'nz976qc6']
979	['b5eve7re', 'y04dub8o', 'sgo76prc', '05vmhjjp', 'kutc6ts0']
980	['otp1atui', 'iimx8nt8', 'pzqmg22v', 'y12veqre', '36flecmg']
981	['eyhtf6mv', 'fcdwitxy', 'n5ogyxz7', '9ige2pwd', '195h4ofw']
982	['0crs45tt', 'eq5qqshb', 'f6l0hwyw', 'nle4axad', '7cf9oo41']
983	['ximw03ej', 'tmnfcs7r', 'ofgv3p8y', 'oxtvcoi9', 'del20ax2']
984	['mu2vqjnv', 'mcw3ir3a', '4uqgpb0w', 'rytzyf1j', '5zhjn3u2']
985	['24t0lunz', 'moplus2n', '37gpov43', '5fg1keua', '68x50rni']
986	['y6reys3r', '3l6ipiwk', 'cutwvq3b', 'p7rpfsph', 'jw713e2n']
987	['30pl5tx3', '2r0a357c', 'k9erix1s', 'faec051u', 'vdejfuuy']
988	['8p81kc9z', 'w7gr98j9', 'usr8hzcw', '5wby3shp', 'h2l70h1u']
989	['9195zweg', 'n1q1wr9s', '69wuny3p', '1peg3502', 'fpexa30s']
990	['8acldtv2', 's2hp3sat', 'jgq968f6', '1y1ik2u9', 'xs7vkm19']
991	['lwpvyy49', 'vz8eu3vc', 'mzekhyu0', '97msfh4l', 'pb25lrnw']
992	['jcq5omdq', 'dij3wy6q', '3wjmmr6i', 'pkimbhz9', 'qci7khki']
993	['3p2cuxk0', '0illlel7', 'uejtwgar', '5nncqp3z', '7auhiq44']
994	['v49l6txn', '0clp6zt6', '8je46886', 'mkgszhkk', 'm26sn2qg']
995	['faxm9rhz', 'bgr4h7kn', 'yf3z913h', 'u7tqolyi', '5nxcmedx']
996	['so6irh9b', 'tp7wthiv', 'lclxe7i9', '8drlvdkp', 'ocxl6cf4']
997	['kgggepu0', 'pfh6nm9r', 'cabmmgg6', '1vd4j3qc', 'n5c0hcwn']
998	['jisznsr3', 'kjf63oug', 'wmpjfc02', 'hvp47bm2', 'zu5mg2im']
999	['tloczjn5', 'g8tckoxj', 'pcekcvwr', 'o0m20894', 'vaeh5z4z']
1000	['w1tdg8bb', 'rfbihylo', 'rnilge14', 'grx4gx95', 'fk62t9ym']
1001	['j8666ial', 'p40x3cxr', 'bfmcqcq1', 'hfaiddki', 'cwreauh8']
1002	['6akx6xpt', 'hqjphv5g', 'z6cdyy0w', 'dmqk247e', 'bdvnwrd4']
1003	['55yxh5er', 'aqcllik0', 'yj25zkx6', 'yx3j6373', '8p81kc9z']
1004	['74o2xil2', 'cs2mgj70', 'yw81byd0', 'kvcx11yo', 'cvxni7cd']
1005	['9wx4ltyd', 's4cfdgbv', 'zzscey1f', 'viubj28a', 'hygxwl2f']
1006	['b4mjo92p', 'plzklj7c', '9ixpj162', 'v5beddu4', 'cwdtyr1v']
1007	['1z1tces3', '56uzzrh8', 'eo1uz3g2', 'lpar7tc8', 'f5twvg9g']
1008	['65efipbi', '121p2shq', 'c5be70t6', 'e7uvbra5', 'cnz7jlw4']
1009	['oa81rhdb', 'k2qertx2', '7fua7kgs', '6sk97gc4', 'cpfnva0v']
1010	['edsrpgjo', 'v7szuzfa', 'ydh4ve24', 'amw2c96l', '05vmhjjp']
1011	['2w80hys9', 'cv6no7nw', '0bdi3yxk', 'ha5voupo', 'h6imcb1b']
1012	['baodjrw2', 'x44oc1k6', 'xcs9podj', 'n3xm6c0y', 'ks0zkp57']
1013	['9dlaaye8', 'yfuddx55', 'elviuvfz', 'l5xecp5p', 'l7ekkgy6']
1014	['zuz2992q', 'w3gt0w41', 'juofmvz2', '5t16srpn', '8f83k2ce']
1015	['9pei109o', 'avmfz0z7', '7x9jzge5', 'hc4zu9t5', 'vkxf3gha']
1016	['tz2shoso', 'tzp03hmr', 's6b2zp99', '2tax8ajw', 'r76msx6y']
1017	['gw9hkw00', 'ypmeh8y3', 'rb20ge7e', '0klbjvrj', '0pptqw7o']
1018	['uxz185vr', 'ny7wkswf', 'hg3xpej0', '1y79i676', 'jrqlhjsm']
1019	['acyexmyq', 'nvebqwwh', 'iali360u', 'rpa2v44v', 'xmiefdez']
1020	['texmsvyt', 'fe456in0', '6xxm7hcs', 'h68lau8u', 'qmip3at7']
1021	['2v6zigt8', 'nxu1xoax', 'ivy95jpw', 'iu5ndsxn', 'roe6g61u']
1022	['7ru6tapp', 'b6lq0aue', '5y6gjl2t', 'a66sszp2', 'bdvnwrd4']
1023	['soa71kwx', '6pn9jwfn', 'lpbb4rga', '3kde69wy', 'vmmztj0a']
1024	['byh09alo', 'xj02160p', '8prg1goh', 'c2mpraux', 'bjycvoxw']
1025	['g99myvw1', '46r46ja3', '611ih9pl', 'atnxkvy6', 'gobik7kl']
1026	['2fyo2q4n', '3w5ouagx', 'ga1fks7l', 'sgo76prc', 'p91vvukr']
1027	['gtol0evh', 's96beqsh', 'b9nqcbf7', 'lpar7tc8', 'tgd6gy3z']
1028	['ximw03ej', 'u8mu4yga', '4eak8e8l', '9pb2eqoa', '0igh53pl']
1029	['rfbihylo', 'b3m11ppy', 'fk62t9ym', 'g9pwxfd2', 'ssmw2jef']
1030	['u8mu4yga', 'f96qs295', 'ledopkwj', '9gn4jcu9', 'nom4z0tv']
1031	['9oui0l6v', 'e1macqqm', 'yidait6a', 'vadaxbsr', 'xj1nw76b']
1032	['fx2ikn2t', 'du58xx7k', 'fjzhe9tp', '7m33mjl1', '6qkjwsst']
1033	['fu61afkg', 'nerxtetr', 'qhrwngde', 'hg0lyy93', '5jl2whuu']
1034	['nwb7qf9l', 'lvw0cnwj', 'zc10b6j5', 'n8j1iq8p', 'zueprmdz']
1035	['d8gx7xbj', '48ay8yl3', '38d140wp', 'frr4vu0w', 'y2739974']
1036	['vszlmtf4', 'xi17qo6z', 'hpj8gb4o', 'ifovibzi', '6aku7ghk']
1037	['0loj2fsm', 'qowp861l', 'ki93iltt', '8gh3q7p3', 'mg8uyeuh']
1038	['9wnkmn27', 'ml27mexb', '1l4o9pko', 'zqzs6vtf', 'onlly1ga']
1039	['zpv5f8pr', 'ko8lyoob', 'k8vjv3zy', 'ok33bqqg', 'lgmdpxcl']
1040	['x4zcpr02', '4py6l839', 'yw5lzibk', 'eflwztji', 'txnegebz']
1041	['yj3yisum', 'li8kvzdh', 'iff8cuum', '7xb7hj9u', '59u9ezr2']
1042	['6zjzy0ft', 'b2fwktld', '54fmvcl5', '1hfvmyfs', 'fa05sovj']
1043	['vjwu0fvp', 'imivfkaj', 'tc6btsdu', 'g17lp8ch', '0vlh67jw']
1044	['n2kn7o67', '25aj8rj5', '7j7u4sv3', 'dcfqvp4p', '59up4v56']
1045	['pzqmg22v', 'j0sr3ifq', '195h4ofw', 'wqmscp6l', 'iz74o9de']
1046	['edz3up3a', 'dayqtzfq', 'eczga3ur', 'vkxf3gha', 'a451243b']
1047	['v5beddu4', 'plzklj7c', 'cutwvq3b', 'jblmnx8j', '9e6g15iw']
1048	['uxz185vr', 'ny7wkswf', 'jrqlhjsm', 'hg3xpej0', '80cbwj3o']
1049	['w0ebmg16', '9pb2eqoa', 'xtraspw2', 'ohkki0ke', 'bfcz49t9']
1050	['b2iit1ef', 'ozt85cz2', 'xyyhup28', 'wge6a6sy', 'ja6ydoed']
1051	['cjmmwl2q', 'ovpfh7sh', '9wn91fj2', 'qxxn1zf9', 'vvuaegse']
1052	['qe8mxow7', 'niw61l9r', 'ho6qjkyr', 'oyplh9cn', 'u22z526l']
1053	['uo3ww8j4', 'zelsywyu', '33wqmdnk', '5azti19e', 'f96qs295']
1054	['9n7a9g78', 'gbpfypmn', 'ehqk1d63', '34ulkvl4', 'kkz9sde7']
1055	['t0s5ufzv', '0qyhjutm', 'sdtr6yla', '1hobsclz', 'mbwo1m1o']
1056	['cqv2cv9r', 'z9jqbliw', '73i7h1wi', 'sw5eecvq', 'ay7gv9lv']
1057	['qcssljgq', '7pbrnn2g', 'idg7c8wf', 'puu8wib8', 'fo4ax1od']
1058	['r5v2gi3v', 'e4xw6gyp', 'ecro0w9n', 'jhge9qy5', 'awh8y9j8']
1059	['38d6gb7o', 'eje3i558', 'uuy94dwa', 'b31ctbat', 'fcb8egak']
1060	['4pcv1i3i', '2lk2vm5r', 'p5ceve0x', 'tl1o1wr9', 'b0qj7tck']
1061	['7zngkwoh', 'iylmvmv3', '1vcc1khg', '1aqf98e0', 'upiu3e2d']
1062	['ruewzstg', 't4y1ylb3', '7a543f7v', '7wu8bfo4', '4hog76lx']
1063	['keaxietu', 'dhy80rkn', 'b0g8y96j', '2yka2luy', '7omyaap8']
1064	['24u6q3ae', 'imheos0p', 'edz3up3a', 'yj25zkx6', 'd78zcfls']
1065	['ffy19pp9', 'cmp1bvhd', 'jdob76wp', '2lanvyia', 'es7c7szs']
1066	['0bczgiyy', '9wvlt53w', 'ywvk6gu6', '17km3arw', 'ovgk0wsn']
1067	['gk3wr6s1', '34ulkvl4', 'ra28885e', 'hlv5zb0s', 'oud5ioks']
1068	['xchvlphf', 'gttuxtw6', 'jp80u828', 'cbhlzemx', 'k9xhphpl']
1069	['8aosx41e', 'ziaiufzs', 'lhx0it2z', 'wquu9zf7', 'wb601nx8']
1070	['fep6qm4d', 'a0q61mpi', 'h7ftu3ax', 'g17lp8ch', '8bjfoa9g']
1071	['unhrmzn5', '7n6pva1l', '8z7wo9kz', 'h365e9gx', 'dgizpo1z']
1072	['1kubts7j', 'q4q06pzc', 'vw3cuiof', 'h8ej5w6j', 'u89jd28e']
1073	['8qdcls1k', '353wr671', 'tljydrnu', 'ogchq8gz', '70s04wty']
1074	['qalficgu', 'pj7no3fe', 'gnhvvpn6', 'cpfnva0v', 'h8tv2u77']
1075	['aclcbxkd', 'ofbnzo6n', 'gc9eg5j3', '21qgukm1', 'pfbgojxr']
1076	['1v8xf5uy', 'hsm75cww', 'trrg1mnw', 'dcfqvp4p', 'n2kn7o67']
1077	['25aj8rj5', '9enbrd6h', '8xf8u6bg', 'dwgxrbag', 'ay69e8ad']
1078	['abjt5vfd', 'i1ysg4l2', 'xwkdz2jm', 'zuz2992q', '8a8eheip']
1079	['kayh0v56', 'zew4tzy7', 'lpar7tc8', 'vww8d1ew', 's2vckt2w']
1080	['x7qlnugx', 'eu1dgkw2', 'dhdg6n05', 't2gbeb3c', '2uy0jjdh']
1081	['z18owc90', 'rob84q03', 'vtagfrds', 'jc245v1o', '265cgz94']
1082	['w9zyshzb', 'tsyl7crt', 'kmwfce00', '3qefts96', 'nkzweuft']
1083	['po32j519', 'w1tdg8bb', 'afm47u6d', 'lvvw1npq', 'igm2qr4p']
1084	['vg7dvptg', 'lgflny84', 'r76tqrwz', '34j9n40u', 'jveh2w09']
1085	['b2fwktld', 'grccu4kh', '0retx7ty', 'jblmnx8j', 's1olwzxi']
1086	['me08w1ir', 'td8uwcas', '54fmvcl5', 'tadojzoj', 'glpca9u0']
1087	['7a7oi5dt', 'apfimvix', '23n5r8qj', '53x6do07', 'in69fhw9']
1088	['ce1a9k8b', '5r0ubg5g', '61snvddh', '5hei9fac', 'belhjr5e']
1089	['vbayngh0', 'rv26qfmf', 'zuz2992q', 'l19nsvun', 'myeiu66g']
1090	['7kxi7px1', 'gunn55f9', 'nbqukjzv', 'qe8mxow7', 'a66sszp2']
1091	['xof56j98', 't97pdl4u', 'cyfdvgvy', 'raw2mt47', '00xnsdt9']
1092	['0imnd2q5', '0emibwp3', 'qi1henyy', '0cnjtxyq', 'q1mq5f2t']
1093	['pzqmg22v', 'otp1atui', 'jisznsr3', '3jnhboif', '8f83k2ce']
1094	['t2gbeb3c', 'dhdg6n05', '5av8aqb4', 'l07q84ni', 'ks0zkp57']
1095	['u31ixcwa', '2qwk2z22', '0oxo2awm', '8zm7n7j9', 'jisznsr3']
1096	['mxg2q1vd', 'dksw5yzp', 'qlejjw9s', 'ks0zkp57', 'xshqu7qm']
1097	['1itor6ic', 'v53e7anq', 'lgtpeqhw', 'dkderykk', 'b7llp5r7']
1098	['1m1hi735', '80yu5aiv', 'wcq3qqt4', 'f4jx3b2q', '9oejm9sc']
1099	['aqke0012', 'kl2w6yiv', '0vy5yifk', '1f6kq8co', 'wcmxmahq']
1100	['8co5gwkz', 'b7w2n36j', 'lm73oj21', '75m13rha', '4gof1yl8']
1101	['7d6snq1v', 'vmizkujc', 'bh8zshy9', 'd0cd89hs', 'g4hlvnmq']
1102	['f96qs295', '1s8jzzwg', 'wq92nfnd', 'y43prnko', 'opjfy3xr']
1103	['km2uxj9p', 'sikgdopk', 'x7ybnese', '446p4tbc', 'lvydhfej']
1104	['sgo76prc', 'f3mvdpq1', '35nshnn2', '3w5ouagx', 'b5eve7re']
1105	['zu5mg2im', 'if4c0h8a', '5d7erbr4', '36flecmg', 'rzahax88']
1106	['9b6cepf4', '5z0xwlxp', '30pl5tx3', 'f96qs295', 'zycgczqy']
1107	['trpy9bbq', '8wyfvk1k', 'hzv51czu', 'jkm496ip', 'o47v5vgw']
1108	['me08w1ir', 'td8uwcas', '54fmvcl5', 'glpca9u0', 'xxuctcyq']
1109	['5ckds66x', 'psghawl0', 'dh3zqjbz', '8qml9rrb', 'bfmcqcq1']
1110	['2sp8nm0i', 'p9qeaedh', 'ansf1j7u', '6mpxu6r0', '3kl4p7h9']
1111	['x9sfgtim', 'ropgq7tr', 'mja2qlpk', 'xtmn1n0r', '1s8jzzwg']
1112	['pzqmg22v', '95zrth5d', 'jpenhh92', 'otp1atui', 'ii3di3dz']
1113	['5y6gjl2t', 'ttl1ozc6', '0cji7tzq', 'faxm9rhz', 'b6lq0aue']
1114	['mxg2q1vd', '02p4et0u', '4mblzyxk', '8p0xdqba', 'u2kjft6q']
1115	['2iupb6gj', 'j8d47de9', 'p7cbnrji', '3cl3q80m', 'dyrn6z9a']
1116	['hh643w7m', 'x0kcrmol', 'g0cgjlok', 'f5ehif2w', '8p0xdqba']
1117	['y6zisciu', 'apfimvix', 'u89jd28e', 'kt47i60w', 'c187k4yc']
1118	['rlr17nah', '6fpw6y8t', 'gi3vfi68', 'lvvw1npq', 'po32j519']
1119	['p3dex2to', 'txnegebz', '89n52jny', 'i9jrobdb', 'h6dsjkvz']
1120	['ny7wkswf', 'uxz185vr', 'i99lqr0p', 'klh90lvp', 'i8jv5iqo']
1121	['uu883ofc', '1fgnfh62', 'wquu9zf7', 'qv1xfrg6', '34b511wf']
1122	['dgnddq80', 'cj7tcpsz', '8jejswuk', 'su41e4vo', 's1hmhupe']
1123	['am2rrgrb', 'lghvztz8', 'w19729nl', 'vaeh5z4z', '7uoia564']
1124	['ji3s6rnu', 'jvood8ur', '5r0ubg5g', '84sgz59h', '9megonpn']
1125	['jpenhh92', 'jisznsr3', 'ii3di3dz', 'iz74o9de', 'pzqmg22v']
1126	['g8tckoxj', '0retx7ty', 'geo7ac5i', 't2gxkxxd', '7auhiq44']
1127	['c187k4yc', 'hc4zu9t5', 'ufmvsvm2', 'k2qertx2', '9ud32cvb']
1128	['uexahhdr', 'cpc1yefj', '3qefts96', 'onbq7hia', 'kmwfce00']
1129	['b2fwktld', 'gcecgi3n', 'uifnjio5', 'gvaslwh9', 'ryj83uw3']
1130	['pz3e9y4i', 'e4y6l4lx', '0ctlde8w', '6hkqe14l', 's7wykoze']
1131	['h7ftu3ax', 'iu1d9i57', '30pl5tx3', 'm2z6k2va', 'g17lp8ch']
1132	['hiw576og', 'pscw933i', 'k9xhphpl', 'jincu9xx', '56rn6d6o']
1133	['bw6a5gmy', '24u6q3ae', 'isc330rk', 'n0actmsc', '05djnz4p']
1134	['5azti19e', 'z2z0hu49', 'zew4tzy7', 'kayh0v56', '35xqlryc']
1135	['0pptqw7o', 'g4hlvnmq', '7hh0pffh', 'pb25lrnw', 'kff7ho04']
1136	['ep9moftg', 'kczhrxxd', 'fgab2fu3', '868txjrw', 'rjelshrp']
1137	['edz3up3a', 'nln6pl3h', 'bw6a5gmy', 'd78zcfls', 'ouno4jpl']
1138	['7ld7hyaw', 'mag2289a', 'jkm496ip', '5dbuxvc4', 'zrbesm5b']
1139	['cf3l8uzq', 'b6yfgc8t', 'fo4ax1od', 'axd0s9cg', 'n119a7fx']
1140	['f4hj35dr', 'lmzkseiz', 'vx1hjh26', 'ike8mgh6', 'noale9n1']
1141	['2e2s1gof', 'q4zuslmp', '30r8zd0l', 'ajzcx2rg', 'q2i328sz']
1142	['hjuftxwg', 'tmp6yxlv', 'xzmzdq52', 'awfgfmx1', 'm13ndhaz']
1143	['n6ro088v', 'q1mq5f2t', '92ezdiap', 'glpca9u0', 'l4o7nicc']
1144	['8fkzc445', 'faxm9rhz', 'oeudi6lr', '3kde69wy', '828eqxla']
1145	['7wu8bfo4', 'ruewzstg', 'jk0ju2eb', 'yrhb6ktc', 't4y1ylb3']
1146	['n1ysi7qc', 'l9lni5d3', 'pscw933i', 'wuazkwsi', 's2hp3sat']
1147	['lrgmyfjs', 'wk61uyrt', 'flqdf8vd', 'dt7hip0z', 'otp1atui']
1148	['y7lrp0gc', 'e0pz0z4j', 'et1ekgdl', 'wmpjfc02', 'dgnddq80']
1149	['186wyg7t', 'mo23hpe1', 'belhjr5e', 'xnrb0byz', 'rh2jrojk']
1150	['2d2y5gmg', '79sbtnhu', 'f18a3xiv', '4uieqidm', '9gl8g08y']
1151	['nz976qc6', 'vrjibtfi', '186wyg7t', '28lojtvu', 'mo23hpe1']
1152	['iylmvmv3', 'upiu3e2d', '7zngkwoh', 'gin90aef', 'cnmawglq']
1153	['7mcfehzc', '5g4smxpv', 'vy21fxfd', 'h65g7bf2', '1w3x0g42']
1154	['32v44sw9', 'mt8h4rk5', 'm40kwgcg', 'xuiswu2l', 'kfsuiz5t']
1155	['ximw03ej', 'usyduiti', 'ofgv3p8y', 'tmnfcs7r', 'del20ax2']
1156	['m89wmmxd', '721ofhsv', 'maxbdi99', 'moxjaxuy', 'ypls4zau']
1157	['r9udnmky', '7t7ho26v', 'nvphu1fm', 'z77wg8j9', 'ioclf03d']
1158	['a702kkx0', '2fokjcjr', 'bctb0ewu', 'ra3clbbr', '0c03fjk5']
1159	['hb2lieh3', 'tloczjn5', '1tmqe3xf', 'l4frxzji', 'qwgxm1ol']
1160	['bre2ijbb', 'jqueo6zg', '0z7ey1nm', '5t16srpn', 'if4c0h8a']
1161	['0imnd2q5', 'itxde5mw', '30pl5tx3', 'f96qs295', '1s8jzzwg']
1162	['jisznsr3', 'e0pz0z4j', '95zrth5d', 'sm0112e3', 'y7lrp0gc']
1163	['xpwv8xlv', 'cnmawglq', 'w0ebmg16', 'eay6qfhz', '2bupc5jh']
1164	['8vk15klh', 'hwpn7ti1', '29opurlw', '8nx0ie5k', '00ugdhvf']
1165	['zdfx3zo3', 'dij3wy6q', 'uohbxoeb', '8cvjsisw', 'km0yzqqq']
1166	['dptapovm', '660gckc7', 'g4hlvnmq', 'vmizkujc', 'rytw6rfd']
1167	['8p0xdqba', 'zsygn29p', 'n2ih64pz', 'kjr6dcqv', 'cwekmw1a']
1168	['b4yj7vw0', '32v44sw9', 'ueb7mjnv', 'vm1o1cel', 'bctb0ewu']
1169	['xchvlphf', 'ch7nna59', '1zbsbcdd', '0igh53pl', 'isk5cu0k']
1170	['h0spcvjl', 'x3f1yyjk', 'hfaiddki', '3eu5n942', '1v8xf5uy']
1171	['01h205jf', '2damkjcs', 'v1egyqt4', 'r4j1rcm5', '45r3ccwe']
1172	['8ncc6d2n', 'rtus1qyw', 'nli8ccyv', 'gme1zk3n', 'dyrn6z9a']
1173	['znwa2kig', 'd1pgjtjh', '8pislcjr', '6tlzij5v', 'asrkuts7']
1174	['eay6qfhz', 'w3ls1d7w', '844229sb', '607lsqlg', 'hqapg5ow']
1175	['yxkub54e', '64sdgroi', '8cd5z4di', 'rytalfyx', 'h1ncnt2c']
1176	['3tlv2b5x', '02u91ess', 'on6ss822', 'kkbed30m', 'qy4gsvac']
1177	['g2j4uqem', 'jfuwelzt', 'kfjgy6wl', 'k30wvnx8', 'mf73oqp6']
1178	['81c2mn2c', '09fmkhu5', 'b6bl0xrc', 'jfjxujwj', 'lda1tyuh']
1179	['asrkuts7', 'jiunpwz9', 'e7gq365q', 'cpp2l8n5', '2igc5wzx']
1180	['ii3di3dz', 'jpenhh92', '0ojzssli', 'n5ogyxz7', 'fcdwitxy']
1181	['y4m987yn', '7hporv6w', '7n4t8i2n', 'r7aqsyfl', 'ydh4ve24']
1182	['3jgm3uhs', 'w1azm2mc', 'bsypo08l', '73b58lcm', '4hmecfi0']
1183	['bns5eb1t', 'dny9rgv9', 'pb25lrnw', '265cgz94', '9kq9o5wp']
1184	['spfc0fc0', 'jtgpzrf9', 'mjb3ip7a', 'oud5ioks', '675v58x8']
1185	['di4p48ax', 'tstx42h7', 'rfv0omd6', 'tzp03hmr', 'pm825xn1']
1186	['30r8zd0l', 'lfo6otkc', 'uu883ofc', 'qexarxjl', 'sgo76prc']
1187	['h7ftu3ax', '844229sb', 'w3ls1d7w', 'a0q61mpi', '8ko7mmu3']
1188	['c4m63cr3', 'a3fvifax', 'rcp6xlpg', 'tv014ubp', '6bwd99d9']
1189	['pdiyqdb3', 'pg50i2ql', 'fo9uq389', 'ewf1z1ee', 'tsv0rcr3']
1190	['sywxrxmf', 'ivy95jpw', '186wyg7t', 'lvydhfej', 'aakzdkcj']
1191	['u8mu4yga', 'f96qs295', '9mn6trtn', 'w3ls1d7w', 'fj6l76hq']
1192	['mz7b6ey3', 'c6lilxk3', 'elu3dztf', 'n6lwnct5', 'tmonjdrp']
1193	['xmgi40hg', 'h13p6ogs', 's6kdchlo', '1xycng32', 'sjsaw6yv']
1194	['ximw03ej', 'ofgv3p8y', 'usyduiti', 'del20ax2', 'tmnfcs7r']
1195	['122yi9np', '5tpkcd5z', 'h82s5xst', 'wcmxmahq', '1peg3502']
1196	['36zu137v', 'c0i45oix', '9n7a9g78', 'xh723tgl', 'ii3di3dz']
1197	['5dbuxvc4', 'cj3cpn5j', '2hkdhwaw', 'ruewzstg', 's1dert6n']
1198	['w04z2f0q', '2aoyzj2b', 'leqluxpl', '2a12nsnl', 'n4ildbuc']
1199	['hgpiig0g', '9mact9br', 'e7uvbra5', '65ois1qn', 'kjl04qy5']
1200	['wslsqytj', 'n3yuvf8v', '8aosx41e', 'ybcr7clp', 'ziaiufzs']
1201	['b1w9ns78', 'jmdrupds', '3oetrhdh', 'p8z1oeep', 'udtoutew']
1202	['ki93iltt', 'g9rs9cx8', '76aij6sx', 'jmzjfwxi', '0loj2fsm']
1203	['lzgwxshi', '7n6pva1l', '4sq7t6hg', '6xlk1n4e', '8glhd9xe']
1204	['089b1z4b', 'x0kcrmol', 'uliopaz0', 'f5ehif2w', 'ks0zkp57']
1205	['jk37ej4c', 'nwb7qf9l', '1niaplc2', 'p3dex2to', '56zhxd6e']
1206	['3u3i5myh', 'a4klrp3h', 'ruewzstg', 'ijzoa0yn', 'z6cdyy0w']
1207	['irhizn0b', 'ruewzstg', 't4y1ylb3', 'xui25c83', 'sr9qxnu2']
1208	['1omv4r30', 'bl96upg3', 'khkw1hhv', 'mut94ov1', 'jqueo6zg']
1209	['1zp73mvu', '8mx0p1sh', 'xpqfpizp', '4dpe5q54', '37hn7u3f']
1210	['4ag4oune', 'x4ix852w', '42wh36ge', 'sdtr6yla', 'snsjrjx3']
1211	['zyrvgaql', '24ie3mhq', '7097q0r1', '0pcgcbjw', 'ha5voupo']
1212	['9n7bkayx', 'mlo8zypy', 'moxjaxuy', 'cmry8aea', 'ldyumgm9']
1213	['hltkddac', '2mtuw7gb', 'kp4j9snc', 'itvjhlnn', 'qjfe2t9v']
1214	['08mfxvql', '4ylt5rhg', 'xre1l41y', '11xjl53c', 'j7ltjn4k']
1215	['4wi9lln9', 'rpxw3a01', 'u8t64wmg', 'gr3tnp3c', 'qe0i01j8']
1216	['dq3qunwe', '95e1kuux', '1r9975o8', '2bupc5jh', '52x62y5l']
1217	['wehqqbjx', 'ws3tfs1j', '9kq9o5wp', '0aik5i71', 'gbgcfa2o']
1218	['o4ri7t16', '9sub2wtu', 'ok9o9tta', '0ml57rhr', 'k7q5evtj']
1219	['0n51j2jo', 'r0taoqsw', '3jn7tdaj', 'lbkjxws4', '9rczqcaz']
1220	['a9lw6vrs', '5xk20hs5', '828eqxla', 'yg0ovmu5', 'b6lq0aue']
1221	['gjustwrb', 'n0actmsc', 'ouno4jpl', '0zun27k4', 'isc330rk']
1222	['1mu1o8rj', 'mxg2q1vd', 'gc9eg5j3', '23n5r8qj', 'jswlq6wp']
1223	['1nk1t5qs', 'wvfw94n1', 'fsid4a39', 'jveh2w09', 'wjktna81']
1224	['ut1k8xe7', 'nro623aa', 'dfl69g4f', 'rgmkszfp', 'po6cqv4m']
1225	['cgxs9uam', '1a7ugd24', 'unx1pv2k', '1igydu3y', 'mj9xc5fv']
1226	['3jrb0sn8', 'qfq1nfcn', 'ftq6ed38', 'wi1slkpf', 'ysrte29b']
1227	['zdfslfmb', 'z5493bye', 'xtlhhc54', 'hgg33kwz', 'tjhz8bdb']
1228	['ax3e82js', 'r76tqrwz', '1l4o9pko', 'qeqd4soe', '0r580il2']
1229	['2qwk2z22', '8zm7n7j9', 'u31ixcwa', 'iz74o9de', 'sm0112e3']
1230	['w0ebmg16', '9pb2eqoa', 'xtraspw2', 'wn98fql3', 'mnjy6bq2']
1231	['so6irh9b', 'tp7wthiv', '7hporv6w', 'tk0iwpnb', 'bvzi49hy']
1232	['97msfh4l', 'apfimvix', 'uv5jctnd', 'uaccs7k9', 'wubcq0xx']
1233	['aakzdkcj', '1l4o9pko', 'zqzs6vtf', '0qy6hcgp', 'd21lvneh']
1234	['o78vcy90', 'sfm82h0g', '3urmf3ie', 'park7t3g', 'wdfzrzkt']
1235	['0retx7ty', 'iez1j9jn', 'nvphu1fm', 'hygxwl2f', 'h2u5w4a8']
1236	['7vadpp3d', 'u8ptvem7', 'bgn6zrer', 'e3dh0huv', 'nbn44sxq']
1237	['sxi0tpsf', 'mnjy6bq2', 'hf79cbuq', 'dxrltm25', 'usyduiti']
1238	['rnq3k34m', 'n2rec4i8', 'q5veu992', 'oe7fzahb', 'uxz185vr']
1239	['fteydbm8', 'y6zisciu', 'ylqpkosd', 'pvrp8u8n', 'dx3ez40b']
1240	['cutwvq3b', 'hd3ujyul', 'm79zl7ka', 'xzuynia2', 't5czylod']
1241	['q4m2uj6r', '5dbuxvc4', 'car394ou', 'p6uliadr', 'kmwfce00']
1242	['u89jd28e', '4vtad2ve', '6a6tyvtz', 'daj5g788', 'zctjkag0']
1243	['t1ughb9b', 'o1xsjx2p', 'oi8epg9m', 'yb9uyov3', 'yhun6hid']
1244	['855atuue', 'wubcq0xx', 'in69fhw9', 'cwekmw1a', 'edsrpgjo']
1245	['hfk8nikl', 'dcli6uaq', 'auo73dv7', '0u4nmrq4', 'q9bwvh0t']
1246	['7g7sgabs', 'vsphu6ih', '4xs9avr0', 'ltga2btq', '1hfvmyfs']
1247	['wigakw9h', 'd4upbc3v', '1wui9gwa', 'hb2lieh3', 'ub3kjqkv']
1248	['belhjr5e', 'r76tqrwz', '0r580il2', 'mo23hpe1', 'ax3e82js']
1249	['5xfgmi2n', '5ngg5hm4', 'an8957d8', 'h6dsjkvz', 'ike8mgh6']
1250	['ximw03ej', 's2hp3sat', 'u8mu4yga', 'zl4ixyg1', 'hqapg5ow']
1251	['302hphhx', '43uhmi0g', 'bk6ext3e', 'zecuhkcd', 'j1lhgciv']
1252	['80dfqjql', 'k9xhphpl', 'tjplc5j6', 'bn22k0p3', 'gwaqh4dd']
1253	['763v4duh', 'h7ftu3ax', 'mkgszhkk', '46y1pa7o', 'ylqpkosd']
1254	['7lli72ph', '10v7kfcd', 'p8ckcvyj', '0nhgxoim', '5l6c0it4']
1255	['9wvlt53w', '0bczgiyy', 'vxv7pq8v', 'on6ss822', 'c9sidpy9']
1256	['9wnkmn27', '1l4o9pko', 'aakzdkcj', 'iu5ndsxn', 'onlly1ga']
1257	['13kzv4b2', '9jfclm9c', '32gnw4sv', 'h4kc04w0', 'yjibz8ie']
1258	['s7wykoze', 't8xyrsif', '7xt894vr', 'aj64338q', 'a2kill55']
1259	['gdbr8zwr', '0n07fow0', 'ywi0a8s1', 'zrjvpoq0', 'jo724gaw']
1260	['6hehg1yf', 'jrqlhjsm', 'nblbacmn', 'hg3xpej0', 'ftq6ed38']
1261	['me08w1ir', 'oi8epg9m', 'jveh2w09', 'rhnr430g', '6hkqe14l']
1262	['n2kn7o67', '3ubithu4', 'dpt7sh4h', 'hsm75cww', 'wqicq5ry']
1263	['ktm0akxd', 'dblqryhy', 'bre2ijbb', 'k5jkntul', '7objlrqa']
1264	['yfpioqi5', 'b0qj7tck', 'p5ceve0x', '7xn7m662', '0vjxc1bm']
1265	['v14gqr6q', 'dxb6ulf3', 'd2pzezq8', 'msxp1qkx', 't97pdl4u']
1266	['gg2swy7i', 'e1macqqm', 'ataabyg3', 'ne816kr4', '9oui0l6v']
1267	['kyt14ufu', 'f60z8jo2', 'bh8zshy9', 'psaq958v', '9kq9o5wp']
1268	['r0nmq9ne', '2qre0gc7', 'yosjlefy', 'szekvw7e', 'e7gq365q']
1269	['7xb7hj9u', 'mbam5s7p', 'iff8cuum', 'q5wiqpcb', 'xsqgrd5l']
1270	['sgo76prc', '05vmhjjp', 'la2wvnb0', 'np1y2fkt', 'mlrq0rjf']
1271	['0njeeoc3', 'bsypo08l', '6rpm4phy', '3jgm3uhs', '0chuwvg6']
1272	['3u3i5myh', 'xmd8fh95', '8lnjbxe5', 'v5eth1m3', 'ypqusgs3']
1273	['r1tl2hrk', '1hfvmyfs', 'eml8uilb', 'foy3dsq4', 'wdfzrzkt']
1274	['wa5rxe76', '97msfh4l', 't13pehgc', 'vpoqfm7d', 'mzekhyu0']
1275	['jgq968f6', 'y6zisciu', '6r1hy34r', '4p6fcy8f', '9169o29b']
1276	['q8l3ra55', 'p0jht22m', '36flecmg', 'raw2mt47', 'y12veqre']
1277	['k7sg7gzd', 'mncip6jj', 'z8ajje2l', '1nmzo9at', 'sfm82h0g']
1278	['e8az2cw3', '1uabldiq', 'yb9uyov3', 'yb6jk5j0', '2iul5pxa']
1279	['z6cdyy0w', '1vd4j3qc', 'gha1wg4w', 'mi6bdisx', '3cr97dii']
1280	['pgasbdpp', 'pmd1n2l1', 'ogrlupbx', '784gmskn', 'l69kwh48']
1281	['uk6whrhz', '0illlel7', '0fpa1f30', 'x6sdpk6v', '3p2cuxk0']
1282	['u42d1p1j', '8hvve871', 'gg5c8v7d', 'p94qntyb', 'dx2cx9lx']
1283	['8gl323hs', 'hjmjav50', '5t16srpn', 'vuzbni5m', 'dcli6uaq']
1284	['qjfe2t9v', 'hltkddac', 'kp4j9snc', 'lcqxrcji', 'dql5n9k7']
1285	['m2id6kxw', '9oxajwkk', 'vww8d1ew', '0pcgcbjw', 'a9lw6vrs']
1286	['9rczqcaz', '5azti19e', 'wtxhbzr9', 'd5sxycaw', '60en5zy7']
1287	['7n6pva1l', 'g3z9fp31', '00xuw5j9', 'gydzq4n3', 'shfkl0bs']
1288	['kjr6dcqv', 'g0cgjlok', 'n2ih64pz', '089b1z4b', 'gc9eg5j3']
1289	['2u5zxc2i', 'eyhtf6mv', 'ii3di3dz', '41jqgsv0', '9ige2pwd']
1290	['oi8epg9m', 'zdfx3zo3', 'x4mgnhbg', 'l72grjbg', 'nuu9l5kx']
1291	['gkf3wez8', '10dkpj5h', '5sfojk7y', '3xvphg52', 'u20e82de']
1292	['ok9o9tta', '52htv15k', 'hg3xpej0', '8ubugbn3', 'ijoyk390']
1293	['o1mg23wb', 'v0qj8l7i', 's2e56ety', 'ibnudp1x', 'nxabdur3']
1294	['rcdoewwv', 'd2s3170w', 'oa09sm44', 'jfj7vrz7', 'cdr032lw']
1295	['zweyxxg2', 'dmlyd50n', '2q87yv17', '7auhiq44', 'tjhz8bdb']
1296	['vdgu6h0a', 'gqwwfpch', 'zq9ehv7a', 'ykxr9q1j', 'psrsed4b']
1297	['5m23wtpi', 'xnrp2tpd', 'jmhexmet', 'fe456in0', 'yu2qzp18']
1298	['55gugbs8', '2qcuygax', 'byw8jsqv', 'r5v2gi3v', 'ioclf03d']
1299	['hkk23tqt', 'z92xqedn', 'aj885nl0', 'rr0v0ju1', '2uy0jjdh']
1300	['q58dzxwc', 'i3ahtzdd', 'jswlq6wp', 'krg8jvfz', 'eauj21v4']
1301	['bfcz49t9', 'knbngla3', 'mnjy6bq2', 'dxrltm25', '2f7wqamp']
1302	['me08w1ir', 'td8uwcas', '54fmvcl5', 'glpca9u0', 'wehqqbjx']
1303	['4c7ug40v', 'aqcllik0', 'yj25zkx6', '914oafkn', 'ravcm60e']
1304	['h5fvf5ja', '5o0ihd3f', 'unbx6od5', 'qd73h1ie', 'qp8jxcdl']
1305	['g4nto9kf', 'oqz6i77n', 'c9cenvt4', '0j4z4ez7', 'xi90m4jk']
1306	['ximw03ej', 'h7ftu3ax', 'g17lp8ch', 'u8mu4yga', 't0iw2vod']
1307	['z68tl88x', 'juofmvz2', 'raw2mt47', 'gh6bizzh', 'ic2h01gm']
1308	['ixvtt3g8', 'b4161ynv', '9mact9br', 'pg69ww3a', 'qjin5w03']
1309	['3cl3q80m', 'styavbvi', 'hg3xpej0', '22q7tngp', 'l6ksaaaj']
1310	['9n7bkayx', 'mlo8zypy', 'wivk0bm0', 'ypls4zau', 'vgk1sgcp']
1311	['p9c3g251', 'oh5wm5qc', 'oe7fzahb', 'vs730te0', 'eyhgtpe0']
1312	['jisznsr3', '195h4ofw', 'ktwazcrd', 'pzqmg22v', 'n5ogyxz7']
1313	['9e6g15iw', 'plzklj7c', '9ixpj162', 'cwdtyr1v', 'y6reys3r']
1314	['5q49qq42', '8mmau2lz', 'tafg1xoo', 'mo4luyx6', 'psrsed4b']
1315	['cnz7jlw4', 'f0kcf2y0', 'mz1bof2x', 'hhen3xjx', 'x220pjeg']
1316	['1fdnbq1f', 'rhnr430g', 'v47publm', 'ecro0w9n', 'qvj36vut']
1317	['9ixpj162', 'v5beddu4', 'plzklj7c', 'cd7cfpx3', '1adofojj']
1318	['l97yi8l9', '186wyg7t', 'nz976qc6', 'd8lx9ffy', '28lojtvu']
1319	['w0ebmg16', 'fj6l76hq', 'osct0lj6', 'y1gt6bfu', '0pcgcbjw']
1320	['pb25lrnw', 'ssdqobqb', 'xee6npr3', 'ydh4ve24', 'edsrpgjo']
1321	['zweyxxg2', 'vx9vqr1k', '3ubithu4', 'lh82rl24', 'tjhz8bdb']
1322	['xsqgrd5l', 'aoi4iqkf', 'dhd9e9bn', 'rztwiflt', 'u89jd28e']
1323	['x7ffgtrd', '9rxv6fy9', '307rt03e', 'fyzmun11', 'c2s2lxw9']
1324	['bgiyvqgw', 'ep9moftg', 'uk0hlynp', 'tlknj4hm', 'g5uu01aa']
1325	['5t4twnpm', 'i5j4nmjz', 'x14iywtr', 'sxq2063i', 'ywvk6gu6']
1326	['yj652emy', 'cvxni7cd', 'cs2mgj70', 'tweqie5k', '7w0e546g']
1327	['dgnddq80', 'p699a0g2', 'y7lrp0gc', 'ukrm4ow3', 'wmpjfc02']
1328	['rimct0c4', 'dnxhtbxn', '9e3mxt1a', 'ccxnsmia', 'bawgldfi']
1329	['fsid4a39', '8sed3htx', 'g283lf8j', 's3o9v1fl', 'jbpocl1k']
1330	['lty6oq3d', '0oq0xmzr', '5aev7ltr', 'zfqz4k8a', 'bv7hvc1e']
1331	['0vy5yifk', 'wcmxmahq', 'kl2w6yiv', 'rtp9j01c', 'tb8k979g']
1332	['mkgszhkk', '8ko7mmu3', 'h7ftu3ax', '1zuhilmu', 'fj6l76hq']
1333	['jisznsr3', 'sm0112e3', 'u31ixcwa', 'e0pz0z4j', '2qwk2z22']
1334	['jc5ik84m', 'egzlstrz', 'lz8b60ew', '9wn91fj2', 'tq8jpmin']
1335	['qlng0zvn', 'c4g3vlrs', '07xpz3qg', '52htv15k', '0gxjjqpd']
1336	['6x8xp62f', 'sqxdwu6j', 'hii4smax', 'zweyxxg2', '5dwkunqw']
1337	['rp9opdmd', 'gcv4lmsr', 'sr9qxnu2', '0kqlxx26', '5sss52fz']
1338	['0njeeoc3', '8wyfvk1k', 'h7zamgdf', 'hzv51czu', '8r6hln9b']
1339	['0retx7ty', 'q1mq5f2t', 'msb6wgnv', 'yz8rtmc4', '8ufjh70o']
1340	['s2hp3sat', 'mx534xbx', 'wpuf4ofo', 'pindjvhk', '4mfgqqhn']
1341	['43joavrl', 'wq0mebm4', 'spohl5ey', '6yio5mjl', '3lfmmfp2']
1342	['rhnr430g', 'ocxl6cf4', 'ecro0w9n', 'v47publm', 'b9vm3x3w']
1343	['0eftiyuw', '0xnpfdt9', '7pbrnn2g', 'hb3wcm04', 'itqi22lv']
1344	['wcq3qqt4', 'ai60maqz', 'fxvro3wl', 'ygvg9jfe', '0emibwp3']
1345	['zecuhkcd', '9ljou3ag', 'wtovv1jy', 'ucmzbezx', 'qkjieod9']
1346	['hfk8nikl', 'dcli6uaq', 'mqk72say', '8gl323hs', 'hnj1jqr1']
1347	['oi8epg9m', 'o1xsjx2p', 'jlqpwfwm', 'z4s7u17l', 'pdd5wepz']
1348	['hqapg5ow', 'v47publm', 'dq3qunwe', 'rhnr430g', 'wn98fql3']
1349	['s19w1p2i', '0rrhiw9m', 'e9ntnp5r', 'ug239kup', 'je585xia']
1350	['7auhiq44', 'z152rm9y', 'yb6lmv1a', 'hruge79z', 'tnejo5wc']
1351	['mkgszhkk', '0clp6zt6', 'rj9k9awy', '8ko7mmu3', 'h7ftu3ax']
1352	['aqcllik0', 'yj25zkx6', '2w68g7cv', '914oafkn', '55yxh5er']
1353	['4d6az41t', 'pf2wsny3', 'pg69ww3a', '92ljfia5', 'vww8d1ew']
1354	['iu5ndsxn', '1l4o9pko', 's0ca1r5s', '2v6zigt8', 'zqzs6vtf']
1355	['ax3e82js', 'uohbxoeb', '675v58x8', 'a40yhtqk', 'oyr4klqk']
1356	['186wyg7t', 'belhjr5e', 'rh2jrojk', '1l4o9pko', 'tq2vdo88']
1357	['9169o29b', 'm26sn2qg', 'jgq968f6', '1y1ik2u9', 's2hp3sat']
1358	['ordof7g5', 'ximw03ej', '7xx57cwo', 'w3ls1d7w', '9pb2eqoa']
1359	['2v6zigt8', 'k9erix1s', 'ivy95jpw', '1fgnfh62', 'lehzj4d8']
1360	['mo4luyx6', 'dlpgq0rm', '5ah2yf59', '5q49qq42', '033phqmd']
1361	['pm9cl9ps', '4vkkaqhz', 'wzz5ioek', '9rczqcaz', 'bgr4h7kn']
1362	['8hchfgx6', '5vp2r2bd', 'm2z6k2va', 'cg6v3yma', 'v49l6txn']
1363	['jisznsr3', 'o6kj5b97', 'h0iynw2w', '2u5zxc2i', 'acjs9bm9']
1364	['sqxdwu6j', 'ne816kr4', 'y420tku1', '0d83u4ve', 'eauby68p']
1365	['5bl4h80v', 'xcduaqje', 'zna49ifn', 'ud8cz3sp', 'sc0adrwb']
1366	['8ihlm3fw', 'hsimf7wt', 'sz072p5o', '5c1r2ml2', '0phf73r6']
1367	['uohbxoeb', 'te0v91nr', 'zdfx3zo3', 'mcm8hvjx', 'bzeqs5oh']
1368	['ibnudp1x', '7q2jd0mf', 'kugpzkyx', '97vw83zu', 'ohqr1v13']
1369	['92f2xg0y', 'grccu4kh', 'tmnfcs7r', 'y6zisciu', 'jdg8gsve']
1370	['wgfdd3lm', '3tfof5nd', 'j1kzjre0', '54aruvbf', 'qdmkx03t']
1371	['jo38hjqa', 'ymhg8mon', 'glpca9u0', 'q8dl0gcc', 'oaq5a5i3']
1372	['3p2cuxk0', '0illlel7', 'bfmcqcq1', '296lr317', '5nncqp3z']
1373	['d9b814yp', 'hunepli1', '8qdcls1k', 'pb25lrnw', 'q93luiw2']
1374	['ximw03ej', '08h4198w', 'h7ftu3ax', '0vlh67jw', 'rzahax88']
1375	['edz3up3a', 'rwk954dx', '2qcuygax', '6mzqk12f', '5lqjmqu5']
1376	['uw0rrel5', 'gjk8kc8g', '66mhasjt', 'cj7tcpsz', '4pfzwcjt']
1377	['xtnyad3j', 'vx1hjh26', '6wb18u6w', 'm6eotnko', 'veeavho5']
1378	['gk3wr6s1', '34ulkvl4', 's2j4qf0j', '8ruux4sw', '8cvjsisw']
1379	['y1ob8tcq', 'focpnnks', 'ov5wzfra', '7vh7d3p4', '69o6g1oe']
1380	['sywxrxmf', 'qeqd4soe', '1l4o9pko', 'iu5ndsxn', 'oqhmvpjm']
1381	['pb25lrnw', 'xj65j05e', 'ydh4ve24', 'awfgfmx1', 'djev6er7']
1382	['ximw03ej', 'tmnfcs7r', 'u8mu4yga', '1s8jzzwg', 'vp2t4xkn']
1383	['focpnnks', 'gvn2v6rt', 'yb6lmv1a', 'n3swuykg', '5rsxnrdr']
1384	['7hq10f2a', 'hjmjav50', 'xmtv0v6q', 'mf73oqp6', 'zvmwubuk']
1385	['0j4z4ez7', 'lur9d6ji', 'rsrupgx4', '2tan64hc', 'wl7odjo2']
1386	['ximw03ej', 'u8mu4yga', 'xpwv8xlv', 'iu1d9i57', 'h7ftu3ax']
1387	['9wnkmn27', 'lvydhfej', 'd21lvneh', '5aev7ltr', 'fien6nra']
1388	['icgsbelo', '64ugdvfe', 'q92unteg', '0nhgxoim', 'jveh2w09']
1389	['xgfk6txz', 'b0qj7tck', '4cnk76lb', 'hhuu7ol8', '0vjxc1bm']
1390	['zhh2c89o', 't3dzso36', 'vszrekp9', 'lcqxrcji', '0retx7ty']
1391	['1l4o9pko', 'aakzdkcj', 'onlly1ga', 'nxu1xoax', '9wnkmn27']
1392	['unx1pv2k', 'mfop9fne', 'e8mk04uf', 'cgxs9uam', 'usfvulc2']
1393	['urazxa6x', 'dg4rfgbw', 'no7n99cg', 's9b631ee', '2eopqhfz']
1394	['v60ydkm6', 'eoumpu50', 'mg7dfs1r', '36amafub', 'jisznsr3']
1395	['y349r3r6', '9h4zzo5q', '1k0qpuys', 'dlwfu274', '7a7oi5dt']
1396	['bpnqz1cn', 'br0hhzmn', 'an1wfsvk', 'cf3l8uzq', 'qbhw96wv']
1397	['rhnr430g', 'xq525smx', 'dsfbmhbj', 'in69fhw9', 'o1xsjx2p']
1398	['r9qtzdvk', 'c7jhbxcb', 'unx1pv2k', 'y5a9xtr5', '5t72hl4l']
1399	['2j11uxmx', 'x73moqog', 'rb20ge7e', 'ljlsvc9h', '53t1mhnb']
1400	['zj0yxy2z', 'vbhijlmn', 'qbp5nid8', '5mj8o6xn', '20lcihf4']
1401	['ivy95jpw', 'xnrb0byz', '2v6zigt8', 'dgnddq80', 'x8erq4pc']
1402	['on53pegz', '4ttda53p', 'v3n2r4ia', 'hhy9g1yf', '65fwicjz']
1403	['zpxnr9s9', 'ohkweon9', 'e2rtzymt', 'nfem3htm', 'lvydhfej']
1404	['dksw5yzp', 'g0cgjlok', '0zjpvzof', 'qlejjw9s', 'x11ntaqf']
1405	['u31ixcwa', '40dsvwyb', '16ff3c7m', '2qwk2z22', '8zm7n7j9']
1406	['ucmzbezx', 'zecuhkcd', 'wtovv1jy', 'yi2m5ukw', 'idhvf9vr']
1407	['xeb14weg', 'f2ypnls4', 'cjfn4dna', '4socpj73', 'lnls2mhg']
1408	['erdcvj30', 'vrzl7h45', '6sgeraws', 'yfbg2n2u', 'z59yqi3s']
1409	['rwovxw7a', 'lgtpeqhw', 'zvmwubuk', 'ikon1ktb', '8lzpz58y']
1410	['kp4j9snc', 'qjfe2t9v', 'hltkddac', 'lcqxrcji', 'nyqcozvx']
1411	['71x3b75z', '0g3pro4v', '7ld7hyaw', 'gtbegs4r', '4oxbczqe']
1412	['64sdgroi', 'yxkub54e', 'cgc0v1dg', 'isivkz8b', 'z3ktkgyp']
1413	['jisznsr3', '195h4ofw', '2u5zxc2i', 'n5ogyxz7', 'pzqmg22v']
1414	['7kxi7px1', 'm5k28kbu', 'mz1bof2x', '2scp98u0', '10v7kfcd']
1415	['ybpev0vi', '43fwrlk5', 'jcp3u4mf', 'crqqrtj9', 'zjbyz1vy']
1416	['hfaiddki', 'ocl5qf9o', 't2gxkxxd', '1v8xf5uy', '25aj8rj5']
1417	['l2i3aa3k', 'ai60maqz', 'jk0ju2eb', '1s8jzzwg', 'wcq3qqt4']
1418	['trmwm9qq', '9aw78s63', 'sygm6irl', '1ov3eydq', '3m9yonqe']
1419	['bvzi49hy', '4et61my3', 'apfimvix', 'ruewzstg', 'ksf2tpdw']
1420	['y6jw3gws', 'fytashvs', 'an8957d8', 'dzkhc9q5', 'xykncac7']
1421	['6xxm7hcs', 'vuxxerob', '46no7uq8', 'ex6dyr77', 'jnmpyovl']
1422	['ksgdjdh1', 'fm8koqjd', 'm4vu77v6', 's3o9v1fl', 'whkfvd7l']
1423	['0cji7tzq', '33znyrn8', 'faxm9rhz', 'bgr4h7kn', 'b4161ynv']
1424	['s2vckt2w', 'vrs88dcy', '726t123x', 'qxxn1zf9', 's96beqsh']
1425	['g3ny530a', 'wp3rwdum', 'b3nv1vl6', '1be4l05u', '7tqxng6p']
1426	['3p2cuxk0', 'bfmcqcq1', '0illlel7', 'dugllpsm', 'cfe6rb1x']
1427	['m72i8vtq', 'eumvomou', 'alt4j58b', 'pxhetma5', 'sjqt01gr']
1428	['ok33bqqg', 'jy20xtwx', 'r8qzhm55', 'bhleyzhc', '1k0xqhda']
1429	['irx4pcsx', 'tvg6q8cw', 'v5beddu4', '9jfclm9c', '09q2so3j']
1430	['3sqy16rs', 'ozt85cz2', 'tfpa12kr', '35meen0h', 'w0lgteil']
1431	['tbio295u', 'v1uoy0sd', '7n6pva1l', '2ui7z8wi', '6age8sqe']
1432	['ximw03ej', 'tmnfcs7r', 'del20ax2', 'ofgv3p8y', 'oxtvcoi9']
1433	['urk8aa5b', 'jdsha5ol', 'kyy53jru', '9n0sy82w', 'zb7ge4b8']
1434	['ximw03ej', 'tmnfcs7r', 'del20ax2', '08h4198w', 'ofgv3p8y']
1435	['ebgu29uh', 'hp62t734', 'c3a85ld0', 't13pehgc', '97msfh4l']
1436	['hh643w7m', '23n5r8qj', 'gepjgw23', 'eza5qh47', 'ks0zkp57']
1437	['edsrpgjo', 'akbq0ogs', 'h8ykn6ut', 'v7szuzfa', 'n9aqux5a']
1438	['lgtpeqhw', 'ikon1ktb', 'iqe6sdq2', 'yn9qcwvq', 'rwovxw7a']
1439	['660gckc7', '78t2h7st', 'dksw5yzp', '23n5r8qj', 'gepjgw23']
1440	['9s63qogv', '90dvjv32', '7dyhyruo', 'qj1v04cf', '81fv8lzd']
1441	['b0nkhsvv', 'qv1xfrg6', 'fagcyea9', 'lyewg2c9', 'ragjcn97']
1442	['ohyvuybc', '06fwhyac', 'x64zft78', 'vq9m9m94', '18b6ikq3']
1443	['32ut5vr7', 'pwb7rw89', 'hqjphv5g', 'dh3zqjbz', 'dmqk247e']
1444	['9rczqcaz', '35xqlryc', 'uo3ww8j4', 't3b2adct', 'st67fvgk']
1445	['leg5ntvu', 'o1xsjx2p', '79xnx9gr', 'bnhwbaqj', 'l6lhmb4j']
1446	['gk3wr6s1', 'p699a0g2', 'otp1atui', 'wk61uyrt', 'dt7hip0z']
